"theta","dist","k","calins"
0,"cosine",2,24.8
0,"cosine",3,25.4651162790698
0,"cosine",4,16.4108527131783
0,"cosine",5,26.7272727272727
0,"cosine",6,22.5818181818182
0,"cosine",7,19.6969696969697
0,"cosine",8,13.6363636363636
0,"cosine",9,23.4
0,"cosine",10,20.4444444444444
0,"cosine",11,17.6
0,"cosine",12,14.8909090909091
0,"cosine",13,8.66666666666667
0,"cosine",14,8.18461538461538
0,"cosine",15,6.42857142857143
0,"cosine",16,5.66666666666667
0,"cosine",17,4
0,"cosine",18,6.70588235294118
0,"cosine",19,3.11111111111111
0,"cosine",20,4.92631578947368
0,"cosine",21,20.4
0,"cosine",22,1.67619047619048
0,"cosine",23,2.72727272727273
0,"cosine",24,5.8695652173913
0,"cosine",25,0.733333333333333
0,"cosine",26,1.12
0,"cosine",27,1.15384615384615
0,"cosine",28,0.444444444444444
0,"cosine",29,0.714285714285714
0,"cosine",30,0.0413793103448276
0,"cosine",31,0.0266666666666667
0,"cosine",32,0.0645161290322581
0,"cosine",33,NA
0,"jaccard",2,24.8
0,"jaccard",3,25.4651162790698
0,"jaccard",4,16.4108527131783
0,"jaccard",5,26.7272727272727
0,"jaccard",6,22.5818181818182
0,"jaccard",7,19.6969696969697
0,"jaccard",8,13.6363636363636
0,"jaccard",9,23.4
0,"jaccard",10,20.4444444444444
0,"jaccard",11,17.6
0,"jaccard",12,14.8909090909091
0,"jaccard",13,8.66666666666667
0,"jaccard",14,8.18461538461538
0,"jaccard",15,6.42857142857143
0,"jaccard",16,5.66666666666667
0,"jaccard",17,4
0,"jaccard",18,6.70588235294118
0,"jaccard",19,3.11111111111111
0,"jaccard",20,4.92631578947368
0,"jaccard",21,20.4
0,"jaccard",22,1.67619047619048
0,"jaccard",23,2.72727272727273
0,"jaccard",24,5.8695652173913
0,"jaccard",25,0.733333333333333
0,"jaccard",26,1.12
0,"jaccard",27,1.15384615384615
0,"jaccard",28,0.444444444444444
0,"jaccard",29,0.714285714285714
0,"jaccard",30,0.0413793103448276
0,"jaccard",31,0.0266666666666667
0,"jaccard",32,0.0645161290322581
0,"jaccard",33,NA
0,"hamman",2,24.8
0,"hamman",3,25.4651162790698
0,"hamman",4,16.4108527131783
0,"hamman",5,26.7272727272727
0,"hamman",6,22.5818181818182
0,"hamman",7,19.6969696969697
0,"hamman",8,13.6363636363636
0,"hamman",9,23.4
0,"hamman",10,20.4444444444444
0,"hamman",11,17.6
0,"hamman",12,14.8909090909091
0,"hamman",13,8.66666666666667
0,"hamman",14,8.18461538461538
0,"hamman",15,6.42857142857143
0,"hamman",16,5.66666666666667
0,"hamman",17,4
0,"hamman",18,6.70588235294118
0,"hamman",19,3.11111111111111
0,"hamman",20,4.92631578947368
0,"hamman",21,20.4
0,"hamman",22,1.67619047619048
0,"hamman",23,2.72727272727273
0,"hamman",24,5.8695652173913
0,"hamman",25,0.733333333333333
0,"hamman",26,1.12
0,"hamman",27,1.15384615384615
0,"hamman",28,0.444444444444444
0,"hamman",29,0.714285714285714
0,"hamman",30,0.0413793103448276
0,"hamman",31,0.0266666666666667
0,"hamman",32,0.0645161290322581
0,"hamman",33,NA
0,"simple matching",2,24.8
0,"simple matching",3,25.4651162790698
0,"simple matching",4,16.4108527131783
0,"simple matching",5,26.7272727272727
0,"simple matching",6,22.5818181818182
0,"simple matching",7,19.6969696969697
0,"simple matching",8,13.6363636363636
0,"simple matching",9,23.4
0,"simple matching",10,20.4444444444444
0,"simple matching",11,17.6
0,"simple matching",12,14.8909090909091
0,"simple matching",13,8.66666666666667
0,"simple matching",14,8.18461538461538
0,"simple matching",15,6.42857142857143
0,"simple matching",16,5.66666666666667
0,"simple matching",17,4
0,"simple matching",18,6.70588235294118
0,"simple matching",19,3.11111111111111
0,"simple matching",20,4.92631578947368
0,"simple matching",21,20.4
0,"simple matching",22,1.67619047619048
0,"simple matching",23,2.72727272727273
0,"simple matching",24,5.8695652173913
0,"simple matching",25,0.733333333333333
0,"simple matching",26,1.12
0,"simple matching",27,1.15384615384615
0,"simple matching",28,0.444444444444444
0,"simple matching",29,0.714285714285714
0,"simple matching",30,0.0413793103448276
0,"simple matching",31,0.0266666666666667
0,"simple matching",32,0.0645161290322581
0,"simple matching",33,NA
0,"faith",2,24.8
0,"faith",3,25.4651162790698
0,"faith",4,16.4108527131783
0,"faith",5,26.7272727272727
0,"faith",6,22.5818181818182
0,"faith",7,19.6969696969697
0,"faith",8,13.6363636363636
0,"faith",9,23.4
0,"faith",10,20.4444444444444
0,"faith",11,17.6
0,"faith",12,14.8909090909091
0,"faith",13,8.66666666666667
0,"faith",14,8.18461538461538
0,"faith",15,6.42857142857143
0,"faith",16,5.66666666666667
0,"faith",17,4
0,"faith",18,6.70588235294118
0,"faith",19,3.11111111111111
0,"faith",20,4.92631578947368
0,"faith",21,20.4
0,"faith",22,1.67619047619048
0,"faith",23,2.72727272727273
0,"faith",24,5.8695652173913
0,"faith",25,0.733333333333333
0,"faith",26,1.12
0,"faith",27,1.15384615384615
0,"faith",28,0.444444444444444
0,"faith",29,0.714285714285714
0,"faith",30,0.0413793103448276
0,"faith",31,0.0266666666666667
0,"faith",32,0.0645161290322581
0,"faith",33,NA
0.0707142857142857,"cosine",2,0
0.0707142857142857,"cosine",3,67.5
0.0707142857142857,"cosine",4,57.0333333333333
0.0707142857142857,"cosine",5,58.3333333333333
0.0707142857142857,"cosine",6,75.6
0.0707142857142857,"cosine",7,75.8333333333333
0.0707142857142857,"cosine",8,83.5714285714286
0.0707142857142857,"cosine",9,54
0.0707142857142857,"cosine",10,44.2962962962963
0.0707142857142857,"cosine",11,27.1333333333333
0.0707142857142857,"cosine",12,29.9090909090909
0.0707142857142857,"cosine",13,70.8333333333333
0.0707142857142857,"cosine",14,14.9807692307692
0.0707142857142857,"cosine",15,115.714285714286
0.0707142857142857,"cosine",16,80.4666666666667
0.0707142857142857,"cosine",17,81
0.0707142857142857,"cosine",18,55.5882352941176
0.0707142857142857,"cosine",19,52.1111111111111
0.0707142857142857,"cosine",20,45.1578947368421
0.0707142857142857,"cosine",21,42
0.0707142857142857,"cosine",22,35.6190476190476
0.0707142857142857,"cosine",23,30.9090909090909
0.0707142857142857,"cosine",24,23.4782608695652
0.0707142857142857,"cosine",25,17.3333333333333
0.0707142857142857,"cosine",26,14.56
0.0707142857142857,"cosine",27,10.1538461538462
0.0707142857142857,"cosine",28,4.81481481481481
0.0707142857142857,"cosine",29,3.42857142857143
0.0707142857142857,"cosine",30,2.27586206896552
0.0707142857142857,"cosine",31,0.133333333333333
0.0707142857142857,"cosine",32,0.032258064516129
0.0707142857142857,"cosine",33,NA
0.0707142857142857,"jaccard",2,0
0.0707142857142857,"jaccard",3,67.5
0.0707142857142857,"jaccard",4,57.0333333333333
0.0707142857142857,"jaccard",5,58.3333333333333
0.0707142857142857,"jaccard",6,75.6
0.0707142857142857,"jaccard",7,75.8333333333333
0.0707142857142857,"jaccard",8,83.5714285714286
0.0707142857142857,"jaccard",9,54
0.0707142857142857,"jaccard",10,44.2962962962963
0.0707142857142857,"jaccard",11,27.1333333333333
0.0707142857142857,"jaccard",12,29.9090909090909
0.0707142857142857,"jaccard",13,70.8333333333333
0.0707142857142857,"jaccard",14,14.9807692307692
0.0707142857142857,"jaccard",15,115.714285714286
0.0707142857142857,"jaccard",16,80.4666666666667
0.0707142857142857,"jaccard",17,81
0.0707142857142857,"jaccard",18,55.5882352941176
0.0707142857142857,"jaccard",19,52.1111111111111
0.0707142857142857,"jaccard",20,45.1578947368421
0.0707142857142857,"jaccard",21,42
0.0707142857142857,"jaccard",22,35.6190476190476
0.0707142857142857,"jaccard",23,30.9090909090909
0.0707142857142857,"jaccard",24,23.4782608695652
0.0707142857142857,"jaccard",25,17.3333333333333
0.0707142857142857,"jaccard",26,14.56
0.0707142857142857,"jaccard",27,10.1538461538462
0.0707142857142857,"jaccard",28,4.81481481481481
0.0707142857142857,"jaccard",29,3.42857142857143
0.0707142857142857,"jaccard",30,2.27586206896552
0.0707142857142857,"jaccard",31,0.133333333333333
0.0707142857142857,"jaccard",32,0.032258064516129
0.0707142857142857,"jaccard",33,NA
0.0707142857142857,"hamman",2,0
0.0707142857142857,"hamman",3,0
0.0707142857142857,"hamman",4,11.1929824561404
0.0707142857142857,"hamman",5,8.8421052631579
0.0707142857142857,"hamman",6,32.4
0.0707142857142857,"hamman",7,26
0.0707142857142857,"hamman",8,22.1428571428571
0.0707142857142857,"hamman",9,9
0.0707142857142857,"hamman",10,7.66666666666667
0.0707142857142857,"hamman",11,6.38
0.0707142857142857,"hamman",12,6.15151515151515
0.0707142857142857,"hamman",13,4.66666666666667
0.0707142857142857,"hamman",14,4.23846153846154
0.0707142857142857,"hamman",15,3.6
0.0707142857142857,"hamman",16,3.17333333333333
0.0707142857142857,"hamman",17,2.7
0.0707142857142857,"hamman",18,0.264705882352941
0.0707142857142857,"hamman",19,0.233333333333333
0.0707142857142857,"hamman",20,0.205263157894737
0.0707142857142857,"hamman",21,0.18
0.0707142857142857,"hamman",22,0.157142857142857
0.0707142857142857,"hamman",23,0.136363636363636
0.0707142857142857,"hamman",24,0.117391304347826
0.0707142857142857,"hamman",25,0.0666666666666667
0.0707142857142857,"hamman",26,0.028
0.0707142857142857,"hamman",27,0.0230769230769231
0.0707142857142857,"hamman",28,0
0.0707142857142857,"hamman",29,0
0.0707142857142857,"hamman",30,0
0.0707142857142857,"hamman",31,0
0.0707142857142857,"hamman",32,0
0.0707142857142857,"hamman",33,NA
0.0707142857142857,"simple matching",2,0
0.0707142857142857,"simple matching",3,9.15254237288136
0.0707142857142857,"simple matching",4,12.4519774011299
0.0707142857142857,"simple matching",5,11.0526315789474
0.0707142857142857,"simple matching",6,17.0526315789474
0.0707142857142857,"simple matching",7,15.5087719298246
0.0707142857142857,"simple matching",8,9.77443609022556
0.0707142857142857,"simple matching",9,6.94736842105263
0.0707142857142857,"simple matching",10,5.91812865497076
0.0707142857142857,"simple matching",11,5.09473684210526
0.0707142857142857,"simple matching",12,9.33333333333333
0.0707142857142857,"simple matching",13,5.92592592592593
0.0707142857142857,"simple matching",14,5.84615384615385
0.0707142857142857,"simple matching",15,4.28571428571429
0.0707142857142857,"simple matching",16,3.77777777777778
0.0707142857142857,"simple matching",17,2.22222222222222
0.0707142857142857,"simple matching",18,1.76470588235294
0.0707142857142857,"simple matching",19,0.777777777777778
0.0707142857142857,"simple matching",20,0.684210526315789
0.0707142857142857,"simple matching",21,6
0.0707142857142857,"simple matching",22,0.523809523809524
0.0707142857142857,"simple matching",23,2.04545454545455
0.0707142857142857,"simple matching",24,0.31304347826087
0.0707142857142857,"simple matching",25,5.33333333333333
0.0707142857142857,"simple matching",26,0.196
0.0707142857142857,"simple matching",27,1.61538461538462
0.0707142857142857,"simple matching",28,0.444444444444444
0.0707142857142857,"simple matching",29,0.714285714285714
0.0707142857142857,"simple matching",30,0.0413793103448276
0.0707142857142857,"simple matching",31,0.0266666666666667
0.0707142857142857,"simple matching",32,0.0645161290322581
0.0707142857142857,"simple matching",33,NA
0.0707142857142857,"faith",2,0
0.0707142857142857,"faith",3,9.15254237288136
0.0707142857142857,"faith",4,12.4519774011299
0.0707142857142857,"faith",5,11.0526315789474
0.0707142857142857,"faith",6,17.0526315789474
0.0707142857142857,"faith",7,15.5087719298246
0.0707142857142857,"faith",8,9.77443609022556
0.0707142857142857,"faith",9,6.94736842105263
0.0707142857142857,"faith",10,5.91812865497076
0.0707142857142857,"faith",11,5.09473684210526
0.0707142857142857,"faith",12,9.33333333333333
0.0707142857142857,"faith",13,5.92592592592593
0.0707142857142857,"faith",14,5.84615384615385
0.0707142857142857,"faith",15,4.28571428571429
0.0707142857142857,"faith",16,3.77777777777778
0.0707142857142857,"faith",17,2.22222222222222
0.0707142857142857,"faith",18,1.76470588235294
0.0707142857142857,"faith",19,0.777777777777778
0.0707142857142857,"faith",20,0.684210526315789
0.0707142857142857,"faith",21,6
0.0707142857142857,"faith",22,0.523809523809524
0.0707142857142857,"faith",23,2.04545454545455
0.0707142857142857,"faith",24,0.31304347826087
0.0707142857142857,"faith",25,5.33333333333333
0.0707142857142857,"faith",26,0.196
0.0707142857142857,"faith",27,1.61538461538462
0.0707142857142857,"faith",28,0.444444444444444
0.0707142857142857,"faith",29,0.714285714285714
0.0707142857142857,"faith",30,0.0413793103448276
0.0707142857142857,"faith",31,0.0266666666666667
0.0707142857142857,"faith",32,0.0645161290322581
0.0707142857142857,"faith",33,NA
0.141428571428571,"cosine",2,0
0.141428571428571,"cosine",3,26.25
0.141428571428571,"cosine",4,15.4666666666667
0.141428571428571,"cosine",5,21
0.141428571428571,"cosine",6,20.52
0.141428571428571,"cosine",7,377
0.141428571428571,"cosine",8,310.714285714286
0.141428571428571,"cosine",9,23.7857142857143
0.141428571428571,"cosine",10,18.6190476190476
0.141428571428571,"cosine",11,18.2285714285714
0.141428571428571,"cosine",12,139.363636363636
0.141428571428571,"cosine",13,124.166666666667
0.141428571428571,"cosine",14,95.7307692307692
0.141428571428571,"cosine",15,64.9285714285714
0.141428571428571,"cosine",16,47.0333333333333
0.141428571428571,"cosine",17,91
0.141428571428571,"cosine",18,63.5294117647059
0.141428571428571,"cosine",19,54.4444444444444
0.141428571428571,"cosine",20,50.6315789473684
0.141428571428571,"cosine",21,39
0.141428571428571,"cosine",22,33.5238095238095
0.141428571428571,"cosine",23,30.9090909090909
0.141428571428571,"cosine",24,23.4782608695652
0.141428571428571,"cosine",25,17.3333333333333
0.141428571428571,"cosine",26,14.56
0.141428571428571,"cosine",27,10.1538461538462
0.141428571428571,"cosine",28,4.81481481481481
0.141428571428571,"cosine",29,3.42857142857143
0.141428571428571,"cosine",30,2.27586206896552
0.141428571428571,"cosine",31,0.133333333333333
0.141428571428571,"cosine",32,0.032258064516129
0.141428571428571,"cosine",33,NA
0.141428571428571,"jaccard",2,0
0.141428571428571,"jaccard",3,26.25
0.141428571428571,"jaccard",4,15.4666666666667
0.141428571428571,"jaccard",5,21
0.141428571428571,"jaccard",6,20.52
0.141428571428571,"jaccard",7,377
0.141428571428571,"jaccard",8,310.714285714286
0.141428571428571,"jaccard",9,23.7857142857143
0.141428571428571,"jaccard",10,18.6190476190476
0.141428571428571,"jaccard",11,18.2285714285714
0.141428571428571,"jaccard",12,139.363636363636
0.141428571428571,"jaccard",13,124.166666666667
0.141428571428571,"jaccard",14,95.7307692307692
0.141428571428571,"jaccard",15,64.9285714285714
0.141428571428571,"jaccard",16,47.0333333333333
0.141428571428571,"jaccard",17,91
0.141428571428571,"jaccard",18,63.5294117647059
0.141428571428571,"jaccard",19,54.4444444444444
0.141428571428571,"jaccard",20,50.6315789473684
0.141428571428571,"jaccard",21,39
0.141428571428571,"jaccard",22,33.5238095238095
0.141428571428571,"jaccard",23,30.9090909090909
0.141428571428571,"jaccard",24,23.4782608695652
0.141428571428571,"jaccard",25,17.3333333333333
0.141428571428571,"jaccard",26,14.56
0.141428571428571,"jaccard",27,10.1538461538462
0.141428571428571,"jaccard",28,4.81481481481481
0.141428571428571,"jaccard",29,3.42857142857143
0.141428571428571,"jaccard",30,2.27586206896552
0.141428571428571,"jaccard",31,0.133333333333333
0.141428571428571,"jaccard",32,0.032258064516129
0.141428571428571,"jaccard",33,NA
0.141428571428571,"hamman",2,0
0.141428571428571,"hamman",3,0
0.141428571428571,"hamman",4,11.1929824561404
0.141428571428571,"hamman",5,8.8421052631579
0.141428571428571,"hamman",6,32.4
0.141428571428571,"hamman",7,26
0.141428571428571,"hamman",8,22.1428571428571
0.141428571428571,"hamman",9,9
0.141428571428571,"hamman",10,7.66666666666667
0.141428571428571,"hamman",11,6.38
0.141428571428571,"hamman",12,6.15151515151515
0.141428571428571,"hamman",13,4.66666666666667
0.141428571428571,"hamman",14,4.23846153846154
0.141428571428571,"hamman",15,3.6
0.141428571428571,"hamman",16,3.06
0.141428571428571,"hamman",17,2.7
0.141428571428571,"hamman",18,2.38235294117647
0.141428571428571,"hamman",19,2.1
0.141428571428571,"hamman",20,1.84736842105263
0.141428571428571,"hamman",21,1.62
0.141428571428571,"hamman",22,0.157142857142857
0.141428571428571,"hamman",23,0.136363636363636
0.141428571428571,"hamman",24,0.117391304347826
0.141428571428571,"hamman",25,0.0666666666666667
0.141428571428571,"hamman",26,0.028
0.141428571428571,"hamman",27,0.0230769230769231
0.141428571428571,"hamman",28,0
0.141428571428571,"hamman",29,0
0.141428571428571,"hamman",30,0
0.141428571428571,"hamman",31,0
0.141428571428571,"hamman",32,0
0.141428571428571,"hamman",33,NA
0.141428571428571,"simple matching",2,0
0.141428571428571,"simple matching",3,9.15254237288136
0.141428571428571,"simple matching",4,12.4519774011299
0.141428571428571,"simple matching",5,11.0526315789474
0.141428571428571,"simple matching",6,17.0526315789474
0.141428571428571,"simple matching",7,15.5087719298246
0.141428571428571,"simple matching",8,9.77443609022556
0.141428571428571,"simple matching",9,6.94736842105263
0.141428571428571,"simple matching",10,5.91812865497076
0.141428571428571,"simple matching",11,5.09473684210526
0.141428571428571,"simple matching",12,9.33333333333333
0.141428571428571,"simple matching",13,5.92592592592593
0.141428571428571,"simple matching",14,5.84615384615385
0.141428571428571,"simple matching",15,4.28571428571429
0.141428571428571,"simple matching",16,3.77777777777778
0.141428571428571,"simple matching",17,2.22222222222222
0.141428571428571,"simple matching",18,1.76470588235294
0.141428571428571,"simple matching",19,0.777777777777778
0.141428571428571,"simple matching",20,0.684210526315789
0.141428571428571,"simple matching",21,6
0.141428571428571,"simple matching",22,0.523809523809524
0.141428571428571,"simple matching",23,2.04545454545455
0.141428571428571,"simple matching",24,0.31304347826087
0.141428571428571,"simple matching",25,5.33333333333333
0.141428571428571,"simple matching",26,0.196
0.141428571428571,"simple matching",27,1.61538461538462
0.141428571428571,"simple matching",28,0.444444444444444
0.141428571428571,"simple matching",29,0.714285714285714
0.141428571428571,"simple matching",30,0.0413793103448276
0.141428571428571,"simple matching",31,0.0266666666666667
0.141428571428571,"simple matching",32,0.0645161290322581
0.141428571428571,"simple matching",33,NA
0.141428571428571,"faith",2,10.1287128712871
0.141428571428571,"faith",3,6.57894736842105
0.141428571428571,"faith",4,2.88304093567251
0.141428571428571,"faith",5,3.96666666666667
0.141428571428571,"faith",6,3.06
0.141428571428571,"faith",7,2.45555555555556
0.141428571428571,"faith",8,1.54761904761905
0.141428571428571,"faith",9,2.53846153846154
0.141428571428571,"faith",10,1.76923076923077
0.141428571428571,"faith",11,1.52307692307692
0.141428571428571,"faith",12,1.32167832167832
0.141428571428571,"faith",13,1.15384615384615
0.141428571428571,"faith",14,1.01183431952663
0.141428571428571,"faith",15,0.89010989010989
0.141428571428571,"faith",16,0.61025641025641
0.141428571428571,"faith",17,0.461538461538462
0.141428571428571,"faith",18,0.271493212669683
0.141428571428571,"faith",19,0.183006535947712
0.141428571428571,"faith",20,0.210526315789474
0.141428571428571,"faith",21,0.184615384615385
0.141428571428571,"faith",22,0.161172161172161
0.141428571428571,"faith",23,0.13986013986014
0.141428571428571,"faith",24,0.120401337792642
0.141428571428571,"faith",25,0.102564102564103
0.141428571428571,"faith",26,0.0430769230769231
0.141428571428571,"faith",27,0.0355029585798817
0.141428571428571,"faith",28,0.0284900284900285
0.141428571428571,"faith",29,0.021978021978022
0.141428571428571,"faith",30,0.0159151193633952
0.141428571428571,"faith",31,0.0666666666666667
0.141428571428571,"faith",32,0
0.141428571428571,"faith",33,NA
0.212142857142857,"cosine",2,0
0.212142857142857,"cosine",3,0
0.212142857142857,"cosine",4,38.6666666666667
0.212142857142857,"cosine",5,0
0.212142857142857,"cosine",6,156.6
0.212142857142857,"cosine",7,281.666666666667
0.212142857142857,"cosine",8,9.52380952380952
0.212142857142857,"cosine",9,56
0.212142857142857,"cosine",10,109.037037037037
0.212142857142857,"cosine",11,8.18888888888889
0.212142857142857,"cosine",12,6.62878787878788
0.212142857142857,"cosine",13,3.93518518518519
0.212142857142857,"cosine",14,2.72008547008547
0.212142857142857,"cosine",15,58.5
0.212142857142857,"cosine",16,50.4333333333333
0.212142857142857,"cosine",17,89
0.212142857142857,"cosine",18,61.7647058823529
0.212142857142857,"cosine",19,54.4444444444444
0.212142857142857,"cosine",20,41.7368421052632
0.212142857142857,"cosine",21,39
0.212142857142857,"cosine",22,33.5238095238095
0.212142857142857,"cosine",23,25.4545454545455
0.212142857142857,"cosine",24,23.4782608695652
0.212142857142857,"cosine",25,17.3333333333333
0.212142857142857,"cosine",26,14.56
0.212142857142857,"cosine",27,10.1538461538462
0.212142857142857,"cosine",28,4.81481481481481
0.212142857142857,"cosine",29,3.42857142857143
0.212142857142857,"cosine",30,2.27586206896552
0.212142857142857,"cosine",31,0.133333333333333
0.212142857142857,"cosine",32,0.032258064516129
0.212142857142857,"cosine",33,NA
0.212142857142857,"jaccard",2,0
0.212142857142857,"jaccard",3,0
0.212142857142857,"jaccard",4,58
0.212142857142857,"jaccard",5,126
0.212142857142857,"jaccard",6,129.6
0.212142857142857,"jaccard",7,108.333333333333
0.212142857142857,"jaccard",8,35.3896103896104
0.212142857142857,"jaccard",9,118.5
0.212142857142857,"jaccard",10,141.833333333333
0.212142857142857,"jaccard",11,128.7
0.212142857142857,"jaccard",12,105.954545454545
0.212142857142857,"jaccard",13,110
0.212142857142857,"jaccard",14,95.7307692307692
0.212142857142857,"jaccard",15,88.0714285714286
0.212142857142857,"jaccard",16,67.4333333333333
0.212142857142857,"jaccard",17,58.5
0.212142857142857,"jaccard",18,50.7352941176471
0.212142857142857,"jaccard",19,29.1666666666667
0.212142857142857,"jaccard",20,25.6578947368421
0.212142857142857,"jaccard",21,21.9
0.212142857142857,"jaccard",22,9.16666666666667
0.212142857142857,"jaccard",23,6.93181818181818
0.212142857142857,"jaccard",24,5.18478260869565
0.212142857142857,"jaccard",25,4.33333333333333
0.212142857142857,"jaccard",26,2.8
0.212142857142857,"jaccard",27,1.84615384615385
0.212142857142857,"jaccard",28,5.92592592592593
0.212142857142857,"jaccard",29,1
0.212142857142857,"jaccard",30,0.155172413793103
0.212142857142857,"jaccard",31,0.266666666666667
0.212142857142857,"jaccard",32,0.0645161290322581
0.212142857142857,"jaccard",33,NA
0.212142857142857,"hamman",2,0
0.212142857142857,"hamman",3,0
0.212142857142857,"hamman",4,1.01754385964912
0.212142857142857,"hamman",5,2.76315789473684
0.212142857142857,"hamman",6,8.1
0.212142857142857,"hamman",7,1.66666666666667
0.212142857142857,"hamman",8,1.37362637362637
0.212142857142857,"hamman",9,1
0.212142857142857,"hamman",10,1.84567901234568
0.212142857142857,"hamman",11,6.6
0.212142857142857,"hamman",12,6.15151515151515
0.212142857142857,"hamman",13,5.18518518518519
0.212142857142857,"hamman",14,4.54700854700855
0.212142857142857,"hamman",15,4
0.212142857142857,"hamman",16,3.52592592592593
0.212142857142857,"hamman",17,3.11111111111111
0.212142857142857,"hamman",18,2.38235294117647
0.212142857142857,"hamman",19,2.17777777777778
0.212142857142857,"hamman",20,1.84736842105263
0.212142857142857,"hamman",21,1.62
0.212142857142857,"hamman",22,1.41428571428571
0.212142857142857,"hamman",23,0.136363636363636
0.212142857142857,"hamman",24,0.117391304347826
0.212142857142857,"hamman",25,0.0666666666666667
0.212142857142857,"hamman",26,0.028
0.212142857142857,"hamman",27,0.0230769230769231
0.212142857142857,"hamman",28,0
0.212142857142857,"hamman",29,0
0.212142857142857,"hamman",30,0
0.212142857142857,"hamman",31,0
0.212142857142857,"hamman",32,0
0.212142857142857,"hamman",33,NA
0.212142857142857,"simple matching",2,7.45569620253165
0.212142857142857,"simple matching",3,19.2857142857143
0.212142857142857,"simple matching",4,17.952380952381
0.212142857142857,"simple matching",5,34.0454545454545
0.212142857142857,"simple matching",6,26.2636363636364
0.212142857142857,"simple matching",7,16.9393939393939
0.212142857142857,"simple matching",8,13.961038961039
0.212142857142857,"simple matching",9,11.7272727272727
0.212142857142857,"simple matching",10,17.2991452991453
0.212142857142857,"simple matching",11,10.3230769230769
0.212142857142857,"simple matching",12,6.31468531468532
0.212142857142857,"simple matching",13,5.12820512820513
0.212142857142857,"simple matching",14,4.27218934911243
0.212142857142857,"simple matching",15,3.75824175824176
0.212142857142857,"simple matching",16,3.31282051282051
0.212142857142857,"simple matching",17,2.92307692307692
0.212142857142857,"simple matching",18,2.71493212669683
0.212142857142857,"simple matching",19,2.39316239316239
0.212142857142857,"simple matching",20,1.15789473684211
0.212142857142857,"simple matching",21,1.01538461538462
0.212142857142857,"simple matching",22,0.161172161172161
0.212142857142857,"simple matching",23,0.13986013986014
0.212142857142857,"simple matching",24,0.120401337792642
0.212142857142857,"simple matching",25,0.266666666666667
0.212142857142857,"simple matching",26,0.0861538461538462
0.212142857142857,"simple matching",27,0.0710059171597633
0.212142857142857,"simple matching",28,0.0284900284900285
0.212142857142857,"simple matching",29,0.021978021978022
0.212142857142857,"simple matching",30,0.103448275862069
0.212142857142857,"simple matching",31,0.0666666666666667
0.212142857142857,"simple matching",32,0.032258064516129
0.212142857142857,"simple matching",33,NA
0.212142857142857,"faith",2,15.7384615384615
0.212142857142857,"faith",3,78.5294117647059
0.212142857142857,"faith",4,55.7254901960784
0.212142857142857,"faith",5,40.3529411764706
0.212142857142857,"faith",6,35.8941176470588
0.212142857142857,"faith",7,35.1
0.212142857142857,"faith",8,27.5
0.212142857142857,"faith",9,26.7
0.212142857142857,"faith",10,22.7444444444444
0.212142857142857,"faith",11,19.8
0.212142857142857,"faith",12,16.9909090909091
0.212142857142857,"faith",13,168.333333333333
0.212142857142857,"faith",14,146.153846153846
0.212142857142857,"faith",15,104.142857142857
0.212142857142857,"faith",16,82.7333333333333
0.212142857142857,"faith",17,72
0.212142857142857,"faith",18,56.4705882352941
0.212142857142857,"faith",19,47.4444444444444
0.212142857142857,"faith",20,41.0526315789474
0.212142857142857,"faith",21,25.2
0.212142857142857,"faith",22,21.4761904761905
0.212142857142857,"faith",23,15
0.212142857142857,"faith",24,2.44565217391304
0.212142857142857,"faith",25,5.66666666666667
0.212142857142857,"faith",26,4.48
0.212142857142857,"faith",27,0.461538461538462
0.212142857142857,"faith",28,1.11111111111111
0.212142857142857,"faith",29,0.571428571428571
0.212142857142857,"faith",30,0.0517241379310345
0.212142857142857,"faith",31,0.00784313725490196
0.212142857142857,"faith",32,0.0645161290322581
0.212142857142857,"faith",33,NA
0.282857142857143,"cosine",2,0
0.282857142857143,"cosine",3,0
0.282857142857143,"cosine",4,0
0.282857142857143,"cosine",5,126
0.282857142857143,"cosine",6,108
0.282857142857143,"cosine",7,199.333333333333
0.282857142857143,"cosine",8,100
0.282857142857143,"cosine",9,66
0.282857142857143,"cosine",10,66.4444444444444
0.282857142857143,"cosine",11,52.8
0.282857142857143,"cosine",12,12.6
0.282857142857143,"cosine",13,10.3333333333333
0.282857142857143,"cosine",14,14.8241758241758
0.282857142857143,"cosine",15,12.3061224489796
0.282857142857143,"cosine",16,7.17777777777778
0.282857142857143,"cosine",17,9.33333333333333
0.282857142857143,"cosine",18,7.64705882352941
0.282857142857143,"cosine",19,32.6666666666667
0.282857142857143,"cosine",20,57.4736842105263
0.282857142857143,"cosine",21,82.8
0.282857142857143,"cosine",22,56.5714285714286
0.282857142857143,"cosine",23,45.4545454545455
0.282857142857143,"cosine",24,40.695652173913
0.282857142857143,"cosine",25,34.6666666666667
0.282857142857143,"cosine",26,15.12
0.282857142857143,"cosine",27,10.1538461538462
0.282857142857143,"cosine",28,4.81481481481481
0.282857142857143,"cosine",29,3.42857142857143
0.282857142857143,"cosine",30,2.27586206896552
0.282857142857143,"cosine",31,0.133333333333333
0.282857142857143,"cosine",32,0.032258064516129
0.282857142857143,"cosine",33,NA
0.282857142857143,"jaccard",2,0
0.282857142857143,"jaccard",3,0
0.282857142857143,"jaccard",4,0
0.282857142857143,"jaccard",5,3.5
0.282857142857143,"jaccard",6,0
0.282857142857143,"jaccard",7,75.1111111111111
0.282857142857143,"jaccard",8,61.9047619047619
0.282857142857143,"jaccard",9,76
0.282857142857143,"jaccard",10,48.5555555555556
0.282857142857143,"jaccard",11,46.2
0.282857142857143,"jaccard",12,38.8181818181818
0.282857142857143,"jaccard",13,30
0.282857142857143,"jaccard",14,12.4230769230769
0.282857142857143,"jaccard",15,33.4285714285714
0.282857142857143,"jaccard",16,15.8666666666667
0.282857142857143,"jaccard",17,0.333333333333333
0.282857142857143,"jaccard",18,9.52941176470588
0.282857142857143,"jaccard",19,49.7777777777778
0.282857142857143,"jaccard",20,30.7894736842105
0.282857142857143,"jaccard",21,15.6
0.282857142857143,"jaccard",22,26.1904761904762
0.282857142857143,"jaccard",23,11.8181818181818
0.282857142857143,"jaccard",24,10.1739130434783
0.282857142857143,"jaccard",25,6
0.282857142857143,"jaccard",26,2.8
0.282857142857143,"jaccard",27,6
0.282857142857143,"jaccard",28,4.44444444444444
0.282857142857143,"jaccard",29,3.42857142857143
0.282857142857143,"jaccard",30,1.13793103448276
0.282857142857143,"jaccard",31,0.133333333333333
0.282857142857143,"jaccard",32,0.032258064516129
0.282857142857143,"jaccard",33,NA
0.282857142857143,"hamman",2,0
0.282857142857143,"hamman",3,0
0.282857142857143,"hamman",4,5.08771929824561
0.282857142857143,"hamman",5,14
0.282857142857143,"hamman",6,10.8
0.282857142857143,"hamman",7,5.2
0.282857142857143,"hamman",8,2.38095238095238
0.282857142857143,"hamman",9,3.83333333333333
0.282857142857143,"hamman",10,1.56172839506173
0.282857142857143,"hamman",11,1.34444444444444
0.282857142857143,"hamman",12,1.16666666666667
0.282857142857143,"hamman",13,1.01851851851852
0.282857142857143,"hamman",14,0.893162393162393
0.282857142857143,"hamman",15,0.785714285714286
0.282857142857143,"hamman",16,0.692592592592593
0.282857142857143,"hamman",17,2.88888888888889
0.282857142857143,"hamman",18,2.74509803921569
0.282857142857143,"hamman",19,2.1
0.282857142857143,"hamman",20,1.91578947368421
0.282857142857143,"hamman",21,1.62
0.282857142857143,"hamman",22,0.157142857142857
0.282857142857143,"hamman",23,0.136363636363636
0.282857142857143,"hamman",24,0.117391304347826
0.282857142857143,"hamman",25,0.0666666666666667
0.282857142857143,"hamman",26,0.028
0.282857142857143,"hamman",27,0.0230769230769231
0.282857142857143,"hamman",28,0
0.282857142857143,"hamman",29,0
0.282857142857143,"hamman",30,0
0.282857142857143,"hamman",31,0
0.282857142857143,"hamman",32,0
0.282857142857143,"hamman",33,NA
0.282857142857143,"simple matching",2,15.2181818181818
0.282857142857143,"simple matching",3,1065
0.282857142857143,"simple matching",4,686.333333333333
0.282857142857143,"simple matching",5,679
0.282857142857143,"simple matching",6,469.8
0.282857142857143,"simple matching",7,19.0185185185185
0.282857142857143,"simple matching",8,12.8151260504202
0.282857142857143,"simple matching",9,6.69230769230769
0.282857142857143,"simple matching",10,5.7008547008547
0.282857142857143,"simple matching",11,5.75384615384615
0.282857142857143,"simple matching",12,4.99300699300699
0.282857142857143,"simple matching",13,4.93589743589744
0.282857142857143,"simple matching",14,3.31656804733728
0.282857142857143,"simple matching",15,3.16483516483516
0.282857142857143,"simple matching",16,2.61538461538462
0.282857142857143,"simple matching",17,2.15384615384615
0.282857142857143,"simple matching",18,1.76470588235294
0.282857142857143,"simple matching",19,1.37606837606838
0.282857142857143,"simple matching",20,0.578947368421053
0.282857142857143,"simple matching",21,0.369230769230769
0.282857142857143,"simple matching",22,0.322344322344322
0.282857142857143,"simple matching",23,0.174825174825175
0.282857142857143,"simple matching",24,0.120401337792642
0.282857142857143,"simple matching",25,0.266666666666667
0.282857142857143,"simple matching",26,0.0861538461538462
0.282857142857143,"simple matching",27,0.0710059171597633
0.282857142857143,"simple matching",28,0.0284900284900285
0.282857142857143,"simple matching",29,0.021978021978022
0.282857142857143,"simple matching",30,0.103448275862069
0.282857142857143,"simple matching",31,0.0666666666666667
0.282857142857143,"simple matching",32,0.032258064516129
0.282857142857143,"simple matching",33,NA
0.282857142857143,"faith",2,248
0.282857142857143,"faith",3,0
0.282857142857143,"faith",4,77.3333333333333
0.282857142857143,"faith",5,455
0.282857142857143,"faith",6,232.2
0.282857142857143,"faith",7,186.333333333333
0.282857142857143,"faith",8,153.571428571429
0.282857142857143,"faith",9,100.5
0.282857142857143,"faith",10,85.6111111111111
0.282857142857143,"faith",11,9.8
0.282857142857143,"faith",12,93.5454545454545
0.282857142857143,"faith",13,80
0.282857142857143,"faith",14,43.8461538461538
0.282857142857143,"faith",15,79.7142857142857
0.282857142857143,"faith",16,69.1333333333333
0.282857142857143,"faith",17,29.5
0.282857142857143,"faith",18,50.2941176470588
0.282857142857143,"faith",19,53.6666666666667
0.282857142857143,"faith",20,4.6374269005848
0.282857142857143,"faith",21,3.93333333333333
0.282857142857143,"faith",22,25.6666666666667
0.282857142857143,"faith",23,24.0909090909091
0.282857142857143,"faith",24,22.695652173913
0.282857142857143,"faith",25,18.6666666666667
0.282857142857143,"faith",26,12.88
0.282857142857143,"faith",27,3.23076923076923
0.282857142857143,"faith",28,3.7037037037037
0.282857142857143,"faith",29,4.57142857142857
0.282857142857143,"faith",30,1.44827586206897
0.282857142857143,"faith",31,0.4
0.282857142857143,"faith",32,0.0645161290322581
0.282857142857143,"faith",33,NA
0.353571428571429,"cosine",2,0
0.353571428571429,"cosine",3,0
0.353571428571429,"cosine",4,0
0.353571428571429,"cosine",5,0
0.353571428571429,"cosine",6,0
0.353571428571429,"cosine",7,0.790540540540541
0.353571428571429,"cosine",8,0
0.353571428571429,"cosine",9,0.555555555555556
0.353571428571429,"cosine",10,0
0.353571428571429,"cosine",11,0.432478632478632
0.353571428571429,"cosine",12,0.415841584158416
0.353571428571429,"cosine",13,0.380434782608696
0.353571428571429,"cosine",14,0.332167832167832
0.353571428571429,"cosine",15,0.309222423146474
0.353571428571429,"cosine",16,0.291428571428571
0.353571428571429,"cosine",17,0.257575757575758
0.353571428571429,"cosine",18,0.247678018575851
0.353571428571429,"cosine",19,0.243055555555556
0.353571428571429,"cosine",20,0.203807390817469
0.353571428571429,"cosine",21,0.181395348837209
0.353571428571429,"cosine",22,0.161172161172161
0.353571428571429,"cosine",23,0.166666666666667
0.353571428571429,"cosine",24,0.150501672240803
0.353571428571429,"cosine",25,0.12
0.353571428571429,"cosine",26,0.14
0.353571428571429,"cosine",27,0.134615384615385
0.353571428571429,"cosine",28,0
0.353571428571429,"cosine",29,0.0714285714285714
0.353571428571429,"cosine",30,0
0.353571428571429,"cosine",31,0.4
0.353571428571429,"cosine",32,0.0645161290322581
0.353571428571429,"cosine",33,NA
0.353571428571429,"jaccard",2,0
0.353571428571429,"jaccard",3,60
0.353571428571429,"jaccard",4,0
0.353571428571429,"jaccard",5,0
0.353571428571429,"jaccard",6,0
0.353571428571429,"jaccard",7,0.672413793103448
0.353571428571429,"jaccard",8,0.62320230105465
0.353571428571429,"jaccard",9,0.535714285714286
0.353571428571429,"jaccard",10,41.7407407407407
0.353571428571429,"jaccard",11,40.3333333333333
0.353571428571429,"jaccard",12,28.6363636363636
0.353571428571429,"jaccard",13,11.6666666666667
0.353571428571429,"jaccard",14,0.307692307692308
0.353571428571429,"jaccard",15,0.284053156146179
0.353571428571429,"jaccard",16,0.24
0.353571428571429,"jaccard",17,0.202380952380952
0.353571428571429,"jaccard",18,0.207612456747405
0.353571428571429,"jaccard",19,0.174129353233831
0.353571428571429,"jaccard",20,0.152046783625731
0.353571428571429,"jaccard",21,0.611764705882353
0.353571428571429,"jaccard",22,0.13968253968254
0.353571428571429,"jaccard",23,0.526315789473684
0.353571428571429,"jaccard",24,0.539730134932534
0.353571428571429,"jaccard",25,0.428571428571429
0.353571428571429,"jaccard",26,0.0772413793103448
0.353571428571429,"jaccard",27,2.76923076923077
0.353571428571429,"jaccard",28,2.12962962962963
0.353571428571429,"jaccard",29,0.102040816326531
0.353571428571429,"jaccard",30,0.137931034482759
0.353571428571429,"jaccard",31,0.1
0.353571428571429,"jaccard",32,0.0645161290322581
0.353571428571429,"jaccard",33,NA
0.353571428571429,"hamman",2,0
0.353571428571429,"hamman",3,1.66666666666667
0.353571428571429,"hamman",4,13.5333333333333
0.353571428571429,"hamman",5,11.9
0.353571428571429,"hamman",6,1.06578947368421
0.353571428571429,"hamman",7,0.798245614035088
0.353571428571429,"hamman",8,0.56390977443609
0.353571428571429,"hamman",9,0
0.353571428571429,"hamman",10,0
0.353571428571429,"hamman",11,0
0.353571428571429,"hamman",12,1.24090909090909
0.353571428571429,"hamman",13,0.75
0.353571428571429,"hamman",14,0.657692307692308
0.353571428571429,"hamman",15,0
0.353571428571429,"hamman",16,2.66333333333333
0.353571428571429,"hamman",17,2.65
0.353571428571429,"hamman",18,2.33823529411765
0.353571428571429,"hamman",19,2.06111111111111
0.353571428571429,"hamman",20,0.957894736842105
0.353571428571429,"hamman",21,0.78
0.353571428571429,"hamman",22,0.680952380952381
0.353571428571429,"hamman",23,0.136363636363636
0.353571428571429,"hamman",24,0.117391304347826
0.353571428571429,"hamman",25,0.333333333333333
0.353571428571429,"hamman",26,0
0.353571428571429,"hamman",27,0.0346153846153846
0.353571428571429,"hamman",28,0.0277777777777778
0.353571428571429,"hamman",29,0
0.353571428571429,"hamman",30,0
0.353571428571429,"hamman",31,0
0.353571428571429,"hamman",32,0
0.353571428571429,"hamman",33,NA
0.353571428571429,"simple matching",2,0
0.353571428571429,"simple matching",3,2.36040609137056
0.353571428571429,"simple matching",4,0
0.353571428571429,"simple matching",5,4.51111111111111
0.353571428571429,"simple matching",6,0.84
0.353571428571429,"simple matching",7,6.4601226993865
0.353571428571429,"simple matching",8,0.602968460111317
0.353571428571429,"simple matching",9,2.14285714285714
0.353571428571429,"simple matching",10,0
0.353571428571429,"simple matching",11,0
0.353571428571429,"simple matching",12,0
0.353571428571429,"simple matching",13,0
0.353571428571429,"simple matching",14,0
0.353571428571429,"simple matching",15,0.268445839874411
0.353571428571429,"simple matching",16,0.272
0.353571428571429,"simple matching",17,0.23943661971831
0.353571428571429,"simple matching",18,0.25668449197861
0.353571428571429,"simple matching",19,0.216049382716049
0.353571428571429,"simple matching",20,0.212865497076023
0.353571428571429,"simple matching",21,0.216666666666667
0.353571428571429,"simple matching",22,0.179591836734694
0.353571428571429,"simple matching",23,0.161290322580645
0.353571428571429,"simple matching",24,0
0.353571428571429,"simple matching",25,0
0.353571428571429,"simple matching",26,0
0.353571428571429,"simple matching",27,0
0.353571428571429,"simple matching",28,0
0.353571428571429,"simple matching",29,0
0.353571428571429,"simple matching",30,0
0.353571428571429,"simple matching",31,0
0.353571428571429,"simple matching",32,0
0.353571428571429,"simple matching",33,NA
0.353571428571429,"faith",2,0
0.353571428571429,"faith",3,0
0.353571428571429,"faith",4,0
0.353571428571429,"faith",5,1.26086956521739
0.353571428571429,"faith",6,0
0.353571428571429,"faith",7,0.790540540540541
0.353571428571429,"faith",8,0.64484126984127
0.353571428571429,"faith",9,24
0.353571428571429,"faith",10,24.2777777777778
0.353571428571429,"faith",11,16.5
0.353571428571429,"faith",12,0.388888888888889
0.353571428571429,"faith",13,0.353535353535354
0.353571428571429,"faith",14,39.4615384615385
0.353571428571429,"faith",15,0.33011583011583
0.353571428571429,"faith",16,3.85333333333333
0.353571428571429,"faith",17,17
0.353571428571429,"faith",18,2.64705882352941
0.353571428571429,"faith",19,0.243055555555556
0.353571428571429,"faith",20,0.203807390817469
0.353571428571429,"faith",21,0.169565217391304
0.353571428571429,"faith",22,7.59523809523809
0.353571428571429,"faith",23,7.95454545454545
0.353571428571429,"faith",24,6.65217391304348
0.353571428571429,"faith",25,4.33333333333333
0.353571428571429,"faith",26,3.5
0.353571428571429,"faith",27,0.134615384615385
0.353571428571429,"faith",28,0.101010101010101
0.353571428571429,"faith",29,0.102040816326531
0.353571428571429,"faith",30,0.137931034482759
0.353571428571429,"faith",31,0.1
0.353571428571429,"faith",32,0.0645161290322581
0.353571428571429,"faith",33,NA
0.424285714285714,"cosine",2,0
0.424285714285714,"cosine",3,0
0.424285714285714,"cosine",4,0
0.424285714285714,"cosine",5,1.20833333333333
0.424285714285714,"cosine",6,0
0.424285714285714,"cosine",7,0.78
0.424285714285714,"cosine",8,0.692963752665245
0.424285714285714,"cosine",9,0.6
0.424285714285714,"cosine",10,0.528735632183908
0.424285714285714,"cosine",11,0.472897196261682
0.424285714285714,"cosine",12,0.461538461538462
0.424285714285714,"cosine",13,0.426829268292683
0.424285714285714,"cosine",14,0.374753451676529
0.424285714285714,"cosine",15,0.317254174397032
0.424285714285714,"cosine",16,0.279452054794521
0.424285714285714,"cosine",17,0.236111111111111
0.424285714285714,"cosine",18,0.207612456747405
0.424285714285714,"cosine",19,0.182291666666667
0.424285714285714,"cosine",20,0
0.424285714285714,"cosine",21,0
0.424285714285714,"cosine",22,0
0.424285714285714,"cosine",23,0.0980392156862745
0.424285714285714,"cosine",24,0.0832562442183164
0.424285714285714,"cosine",25,0.315789473684211
0.424285714285714,"cosine",26,0.0574358974358974
0.424285714285714,"cosine",27,0.307692307692308
0.424285714285714,"cosine",28,0.0529100529100529
0.424285714285714,"cosine",29,0.0595238095238095
0.424285714285714,"cosine",30,0.137931034482759
0.424285714285714,"cosine",31,0.1
0.424285714285714,"cosine",32,0.032258064516129
0.424285714285714,"cosine",33,NA
0.424285714285714,"jaccard",2,0
0.424285714285714,"jaccard",3,0
0.424285714285714,"jaccard",4,0
0.424285714285714,"jaccard",5,1.26086956521739
0.424285714285714,"jaccard",6,0
0.424285714285714,"jaccard",7,0.764705882352941
0.424285714285714,"jaccard",8,0.62320230105465
0.424285714285714,"jaccard",9,0.535714285714286
0.424285714285714,"jaccard",10,0.494623655913978
0.424285714285714,"jaccard",11,35.2
0.424285714285714,"jaccard",12,45.8181818181818
0.424285714285714,"jaccard",13,39.1666666666667
0.424285714285714,"jaccard",14,21.9230769230769
0.424285714285714,"jaccard",15,8.35714285714286
0.424285714285714,"jaccard",16,0.291428571428571
0.424285714285714,"jaccard",17,0.257575757575758
0.424285714285714,"jaccard",18,29.1176470588235
0.424285714285714,"jaccard",19,38.1111111111111
0.424285714285714,"jaccard",20,26
0.424285714285714,"jaccard",21,12
0.424285714285714,"jaccard",22,0.523809523809524
0.424285714285714,"jaccard",23,0
0.424285714285714,"jaccard",24,0
0.424285714285714,"jaccard",25,0
0.424285714285714,"jaccard",26,0
0.424285714285714,"jaccard",27,0.134615384615385
0.424285714285714,"jaccard",28,0.138888888888889
0.424285714285714,"jaccard",29,0.102040816326531
0.424285714285714,"jaccard",30,0.137931034482759
0.424285714285714,"jaccard",31,0.1
0.424285714285714,"jaccard",32,0.0645161290322581
0.424285714285714,"jaccard",33,NA
0.424285714285714,"hamman",2,0
0.424285714285714,"hamman",3,0
0.424285714285714,"hamman",4,0
0.424285714285714,"hamman",5,0
0.424285714285714,"hamman",6,0
0.424285714285714,"hamman",7,0
0.424285714285714,"hamman",8,0
0.424285714285714,"hamman",9,0
0.424285714285714,"hamman",10,0
0.424285714285714,"hamman",11,0
0.424285714285714,"hamman",12,1.24090909090909
0.424285714285714,"hamman",13,1
0.424285714285714,"hamman",14,0.803846153846154
0.424285714285714,"hamman",15,0.642857142857143
0.424285714285714,"hamman",16,2.04
0.424285714285714,"hamman",17,2.15
0.424285714285714,"hamman",18,1.58823529411765
0.424285714285714,"hamman",19,2.17777777777778
0.424285714285714,"hamman",20,1.23157894736842
0.424285714285714,"hamman",21,1.08
0.424285714285714,"hamman",22,0
0.424285714285714,"hamman",23,1.43181818181818
0.424285714285714,"hamman",24,0.117391304347826
0.424285714285714,"hamman",25,0.333333333333333
0.424285714285714,"hamman",26,0
0.424285714285714,"hamman",27,0.0346153846153846
0.424285714285714,"hamman",28,0.0277777777777778
0.424285714285714,"hamman",29,0
0.424285714285714,"hamman",30,0
0.424285714285714,"hamman",31,0
0.424285714285714,"hamman",32,0
0.424285714285714,"hamman",33,NA
0.424285714285714,"simple matching",2,0
0.424285714285714,"simple matching",3,2.36040609137056
0.424285714285714,"simple matching",4,0
0.424285714285714,"simple matching",5,4.51111111111111
0.424285714285714,"simple matching",6,0.84
0.424285714285714,"simple matching",7,6.4601226993865
0.424285714285714,"simple matching",8,0.602968460111317
0.424285714285714,"simple matching",9,2.14285714285714
0.424285714285714,"simple matching",10,0
0.424285714285714,"simple matching",11,0
0.424285714285714,"simple matching",12,0
0.424285714285714,"simple matching",13,0
0.424285714285714,"simple matching",14,0
0.424285714285714,"simple matching",15,0.268445839874411
0.424285714285714,"simple matching",16,0.272
0.424285714285714,"simple matching",17,0.23943661971831
0.424285714285714,"simple matching",18,0.25668449197861
0.424285714285714,"simple matching",19,0.216049382716049
0.424285714285714,"simple matching",20,0.212865497076023
0.424285714285714,"simple matching",21,0.216666666666667
0.424285714285714,"simple matching",22,0.179591836734694
0.424285714285714,"simple matching",23,0.161290322580645
0.424285714285714,"simple matching",24,0
0.424285714285714,"simple matching",25,0
0.424285714285714,"simple matching",26,0
0.424285714285714,"simple matching",27,0
0.424285714285714,"simple matching",28,0
0.424285714285714,"simple matching",29,0
0.424285714285714,"simple matching",30,0
0.424285714285714,"simple matching",31,0
0.424285714285714,"simple matching",32,0
0.424285714285714,"simple matching",33,NA
0.424285714285714,"faith",2,0
0.424285714285714,"faith",3,0
0.424285714285714,"faith",4,0
0.424285714285714,"faith",5,1.26086956521739
0.424285714285714,"faith",6,0
0.424285714285714,"faith",7,0.764705882352941
0.424285714285714,"faith",8,0.62320230105465
0.424285714285714,"faith",9,0.535714285714286
0.424285714285714,"faith",10,0.494623655913978
0.424285714285714,"faith",11,35.2
0.424285714285714,"faith",12,45.8181818181818
0.424285714285714,"faith",13,39.1666666666667
0.424285714285714,"faith",14,21.9230769230769
0.424285714285714,"faith",15,8.35714285714286
0.424285714285714,"faith",16,0.291428571428571
0.424285714285714,"faith",17,0.257575757575758
0.424285714285714,"faith",18,29.1176470588235
0.424285714285714,"faith",19,38.1111111111111
0.424285714285714,"faith",20,26
0.424285714285714,"faith",21,12
0.424285714285714,"faith",22,0.523809523809524
0.424285714285714,"faith",23,0
0.424285714285714,"faith",24,0
0.424285714285714,"faith",25,0
0.424285714285714,"faith",26,0
0.424285714285714,"faith",27,0.134615384615385
0.424285714285714,"faith",28,0.138888888888889
0.424285714285714,"faith",29,0.102040816326531
0.424285714285714,"faith",30,0.137931034482759
0.424285714285714,"faith",31,0.1
0.424285714285714,"faith",32,0.0645161290322581
0.424285714285714,"faith",33,NA
0.495,"cosine",2,0
0.495,"cosine",3,0
0.495,"cosine",4,0
0.495,"cosine",5,1.20833333333333
0.495,"cosine",6,0
0.495,"cosine",7,0.78
0.495,"cosine",8,0.692963752665245
0.495,"cosine",9,0.6
0.495,"cosine",10,0.528735632183908
0.495,"cosine",11,0.472897196261682
0.495,"cosine",12,0.461538461538462
0.495,"cosine",13,0.426829268292683
0.495,"cosine",14,0.374753451676529
0.495,"cosine",15,0.317254174397032
0.495,"cosine",16,0.279452054794521
0.495,"cosine",17,0.236111111111111
0.495,"cosine",18,0.207612456747405
0.495,"cosine",19,0.182291666666667
0.495,"cosine",20,0
0.495,"cosine",21,0
0.495,"cosine",22,0
0.495,"cosine",23,0.0980392156862745
0.495,"cosine",24,0.0832562442183164
0.495,"cosine",25,0.315789473684211
0.495,"cosine",26,0.0574358974358974
0.495,"cosine",27,0.307692307692308
0.495,"cosine",28,0.0529100529100529
0.495,"cosine",29,0.0595238095238095
0.495,"cosine",30,0.137931034482759
0.495,"cosine",31,0.1
0.495,"cosine",32,0.032258064516129
0.495,"cosine",33,NA
0.495,"jaccard",2,0
0.495,"jaccard",3,0
0.495,"jaccard",4,0
0.495,"jaccard",5,1.26086956521739
0.495,"jaccard",6,0
0.495,"jaccard",7,0.764705882352941
0.495,"jaccard",8,0.62320230105465
0.495,"jaccard",9,0.535714285714286
0.495,"jaccard",10,0.494623655913978
0.495,"jaccard",11,0.44
0.495,"jaccard",12,0.39622641509434
0.495,"jaccard",13,0.360824742268041
0.495,"jaccard",14,0.332167832167832
0.495,"jaccard",15,0.309222423146474
0.495,"jaccard",16,0.291428571428571
0.495,"jaccard",17,0.257575757575758
0.495,"jaccard",18,0.247678018575851
0.495,"jaccard",19,0.243055555555556
0.495,"jaccard",20,0.217703349282297
0.495,"jaccard",21,0.195
0.495,"jaccard",22,0
0.495,"jaccard",23,0
0.495,"jaccard",24,0
0.495,"jaccard",25,0
0.495,"jaccard",26,0
0.495,"jaccard",27,0.134615384615385
0.495,"jaccard",28,0.138888888888889
0.495,"jaccard",29,0.102040816326531
0.495,"jaccard",30,0.137931034482759
0.495,"jaccard",31,0.1
0.495,"jaccard",32,0.0645161290322581
0.495,"jaccard",33,NA
0.495,"hamman",2,0
0.495,"hamman",3,0
0.495,"hamman",4,0
0.495,"hamman",5,0
0.495,"hamman",6,0
0.495,"hamman",7,0
0.495,"hamman",8,0
0.495,"hamman",9,0
0.495,"hamman",10,0
0.495,"hamman",11,0
0.495,"hamman",12,1.24090909090909
0.495,"hamman",13,1.66666666666667
0.495,"hamman",14,0.95
0.495,"hamman",15,2.12142857142857
0.495,"hamman",16,0.736666666666667
0.495,"hamman",17,0.65
0.495,"hamman",18,0.529411764705882
0.495,"hamman",19,0.427777777777778
0.495,"hamman",20,0.342105263157895
0.495,"hamman",21,1.08
0.495,"hamman",22,0.942857142857143
0.495,"hamman",23,0
0.495,"hamman",24,1.23260869565217
0.495,"hamman",25,0.1
0.495,"hamman",26,0.28
0.495,"hamman",27,0
0.495,"hamman",28,0.0277777777777778
0.495,"hamman",29,0
0.495,"hamman",30,0
0.495,"hamman",31,0
0.495,"hamman",32,0
0.495,"hamman",33,NA
0.495,"simple matching",2,0
0.495,"simple matching",3,2.36040609137056
0.495,"simple matching",4,0
0.495,"simple matching",5,4.51111111111111
0.495,"simple matching",6,0.84
0.495,"simple matching",7,6.4601226993865
0.495,"simple matching",8,0.602968460111317
0.495,"simple matching",9,2.14285714285714
0.495,"simple matching",10,0
0.495,"simple matching",11,0
0.495,"simple matching",12,0
0.495,"simple matching",13,0
0.495,"simple matching",14,0
0.495,"simple matching",15,0.268445839874411
0.495,"simple matching",16,0.272
0.495,"simple matching",17,0.23943661971831
0.495,"simple matching",18,0.25668449197861
0.495,"simple matching",19,0.216049382716049
0.495,"simple matching",20,0.212865497076023
0.495,"simple matching",21,0.216666666666667
0.495,"simple matching",22,0.179591836734694
0.495,"simple matching",23,0.161290322580645
0.495,"simple matching",24,0
0.495,"simple matching",25,0
0.495,"simple matching",26,0
0.495,"simple matching",27,0
0.495,"simple matching",28,0
0.495,"simple matching",29,0
0.495,"simple matching",30,0
0.495,"simple matching",31,0
0.495,"simple matching",32,0
0.495,"simple matching",33,NA
0.495,"faith",2,0
0.495,"faith",3,0
0.495,"faith",4,0
0.495,"faith",5,1.26086956521739
0.495,"faith",6,0
0.495,"faith",7,0.764705882352941
0.495,"faith",8,0.62320230105465
0.495,"faith",9,0.535714285714286
0.495,"faith",10,0.494623655913978
0.495,"faith",11,0.44
0.495,"faith",12,0.39622641509434
0.495,"faith",13,0.360824742268041
0.495,"faith",14,0.332167832167832
0.495,"faith",15,0.309222423146474
0.495,"faith",16,0.291428571428571
0.495,"faith",17,0.257575757575758
0.495,"faith",18,0.247678018575851
0.495,"faith",19,0.243055555555556
0.495,"faith",20,0.217703349282297
0.495,"faith",21,0.195
0.495,"faith",22,0
0.495,"faith",23,0
0.495,"faith",24,0
0.495,"faith",25,0
0.495,"faith",26,0
0.495,"faith",27,0.134615384615385
0.495,"faith",28,0.138888888888889
0.495,"faith",29,0.102040816326531
0.495,"faith",30,0.137931034482759
0.495,"faith",31,0.1
0.495,"faith",32,0.0645161290322581
0.495,"faith",33,NA
0.565714285714286,"cosine",2,0
0.565714285714286,"cosine",3,0
0.565714285714286,"cosine",4,0
0.565714285714286,"cosine",5,1.20833333333333
0.565714285714286,"cosine",6,0.994736842105263
0.565714285714286,"cosine",7,0.818181818181818
0.565714285714286,"cosine",8,0.692963752665245
0.565714285714286,"cosine",9,0.6
0.565714285714286,"cosine",10,0.528735632183908
0.565714285714286,"cosine",11,0.472897196261682
0.565714285714286,"cosine",12,0.428571428571429
0.565714285714286,"cosine",13,0.372340425531915
0.565714285714286,"cosine",14,0.324786324786325
0.565714285714286,"cosine",15,0.274478330658106
0.565714285714286,"cosine",16,0.231818181818182
0.565714285714286,"cosine",17,0.236111111111111
0.565714285714286,"cosine",18,0.207612456747405
0.565714285714286,"cosine",19,0.174129353233831
0.565714285714286,"cosine",20,0.152046783625731
0.565714285714286,"cosine",21,0.611764705882353
0.565714285714286,"cosine",22,0.13968253968254
0.565714285714286,"cosine",23,0.138888888888889
0.565714285714286,"cosine",24,0.122282608695652
0.565714285714286,"cosine",25,0.107142857142857
0.565714285714286,"cosine",26,0.0933333333333333
0.565714285714286,"cosine",27,0.107692307692308
0.565714285714286,"cosine",28,0.101010101010101
0.565714285714286,"cosine",29,0.102040816326531
0.565714285714286,"cosine",30,0.137931034482759
0.565714285714286,"cosine",31,0.1
0.565714285714286,"cosine",32,0.0645161290322581
0.565714285714286,"cosine",33,NA
0.565714285714286,"jaccard",2,-1
0.565714285714286,"jaccard",3,-1
0.565714285714286,"jaccard",4,-1
0.565714285714286,"jaccard",5,-1
0.565714285714286,"jaccard",6,-1
0.565714285714286,"jaccard",7,-1
0.565714285714286,"jaccard",8,0.62320230105465
0.565714285714286,"jaccard",9,0.535714285714286
0.565714285714286,"jaccard",10,41.7407407407407
0.565714285714286,"jaccard",11,53.5333333333333
0.565714285714286,"jaccard",12,45.8181818181818
0.565714285714286,"jaccard",13,25.5555555555556
0.565714285714286,"jaccard",14,9.86538461538461
0.565714285714286,"jaccard",15,0.284053156146179
0.565714285714286,"jaccard",16,0.291428571428571
0.565714285714286,"jaccard",17,0.246376811594203
0.565714285714286,"jaccard",18,0.207612456747405
0.565714285714286,"jaccard",19,0.174129353233831
0.565714285714286,"jaccard",20,0.152046783625731
0.565714285714286,"jaccard",21,0.132203389830508
0.565714285714286,"jaccard",22,0.114285714285714
0.565714285714286,"jaccard",23,0.0980392156862745
0.565714285714286,"jaccard",24,0.0832562442183164
0.565714285714286,"jaccard",25,0.0697674418604651
0.565714285714286,"jaccard",26,0.0574358974358974
0.565714285714286,"jaccard",27,0.307692307692308
0.565714285714286,"jaccard",28,0.0529100529100529
0.565714285714286,"jaccard",29,0.494505494505495
0.565714285714286,"jaccard",30,0.0344827586206897
0.565714285714286,"jaccard",31,0.6
0.565714285714286,"jaccard",32,0.032258064516129
0.565714285714286,"jaccard",33,NA
0.565714285714286,"hamman",2,0
0.565714285714286,"hamman",3,0
0.565714285714286,"hamman",4,0
0.565714285714286,"hamman",5,0
0.565714285714286,"hamman",6,0
0.565714285714286,"hamman",7,0
0.565714285714286,"hamman",8,0
0.565714285714286,"hamman",9,0
0.565714285714286,"hamman",10,0
0.565714285714286,"hamman",11,0
0.565714285714286,"hamman",12,0
0.565714285714286,"hamman",13,0.583333333333333
0.565714285714286,"hamman",14,0
0.565714285714286,"hamman",15,1.28571428571429
0.565714285714286,"hamman",16,0
0.565714285714286,"hamman",17,0
0.565714285714286,"hamman",18,0.573529411764706
0.565714285714286,"hamman",19,0.466666666666667
0.565714285714286,"hamman",20,0.376315789473684
0.565714285714286,"hamman",21,0.3
0.565714285714286,"hamman",22,0.942857142857143
0.565714285714286,"hamman",23,0
0.565714285714286,"hamman",24,1.23260869565217
0.565714285714286,"hamman",25,0.1
0.565714285714286,"hamman",26,0.28
0.565714285714286,"hamman",27,0
0.565714285714286,"hamman",28,0.0277777777777778
0.565714285714286,"hamman",29,0
0.565714285714286,"hamman",30,0
0.565714285714286,"hamman",31,0
0.565714285714286,"hamman",32,0
0.565714285714286,"hamman",33,NA
0.565714285714286,"simple matching",2,0
0.565714285714286,"simple matching",3,0
0.565714285714286,"simple matching",4,0
0.565714285714286,"simple matching",5,4.51111111111111
0.565714285714286,"simple matching",6,0.84
0.565714285714286,"simple matching",7,6.4601226993865
0.565714285714286,"simple matching",8,0.602968460111317
0.565714285714286,"simple matching",9,2.14285714285714
0.565714285714286,"simple matching",10,0
0.565714285714286,"simple matching",11,0.421666666666667
0.565714285714286,"simple matching",12,0
0.565714285714286,"simple matching",13,0
0.565714285714286,"simple matching",14,0
0.565714285714286,"simple matching",15,1.06211180124224
0.565714285714286,"simple matching",16,0
0.565714285714286,"simple matching",17,0.209876543209877
0.565714285714286,"simple matching",18,0
0.565714285714286,"simple matching",19,0.182291666666667
0.565714285714286,"simple matching",20,0
0.565714285714286,"simple matching",21,0
0.565714285714286,"simple matching",22,0
0.565714285714286,"simple matching",23,0
0.565714285714286,"simple matching",24,0
0.565714285714286,"simple matching",25,0.12
0.565714285714286,"simple matching",26,0
0.565714285714286,"simple matching",27,0
0.565714285714286,"simple matching",28,0
0.565714285714286,"simple matching",29,0
0.565714285714286,"simple matching",30,0
0.565714285714286,"simple matching",31,0.1
0.565714285714286,"simple matching",32,0
0.565714285714286,"simple matching",33,NA
0.565714285714286,"faith",2,-1
0.565714285714286,"faith",3,-1
0.565714285714286,"faith",4,-1
0.565714285714286,"faith",5,-1
0.565714285714286,"faith",6,-1
0.565714285714286,"faith",7,-1
0.565714285714286,"faith",8,0.62320230105465
0.565714285714286,"faith",9,0.535714285714286
0.565714285714286,"faith",10,41.7407407407407
0.565714285714286,"faith",11,53.5333333333333
0.565714285714286,"faith",12,45.8181818181818
0.565714285714286,"faith",13,25.5555555555556
0.565714285714286,"faith",14,9.86538461538461
0.565714285714286,"faith",15,0.284053156146179
0.565714285714286,"faith",16,0.291428571428571
0.565714285714286,"faith",17,0.246376811594203
0.565714285714286,"faith",18,0.207612456747405
0.565714285714286,"faith",19,0.174129353233831
0.565714285714286,"faith",20,0.152046783625731
0.565714285714286,"faith",21,0.132203389830508
0.565714285714286,"faith",22,0.114285714285714
0.565714285714286,"faith",23,0.0980392156862745
0.565714285714286,"faith",24,0.0832562442183164
0.565714285714286,"faith",25,0.0697674418604651
0.565714285714286,"faith",26,0.0574358974358974
0.565714285714286,"faith",27,0.307692307692308
0.565714285714286,"faith",28,0.0529100529100529
0.565714285714286,"faith",29,0.494505494505495
0.565714285714286,"faith",30,0.0344827586206897
0.565714285714286,"faith",31,0.6
0.565714285714286,"faith",32,0.032258064516129
0.565714285714286,"faith",33,NA
0.636428571428571,"cosine",2,0
0.636428571428571,"cosine",3,0
0.636428571428571,"cosine",4,0
0.636428571428571,"cosine",5,1.26086956521739
0.636428571428571,"cosine",6,0
0.636428571428571,"cosine",7,0.764705882352941
0.636428571428571,"cosine",8,0.62320230105465
0.636428571428571,"cosine",9,0.535714285714286
0.636428571428571,"cosine",10,0.494623655913978
0.636428571428571,"cosine",11,0.44
0.636428571428571,"cosine",12,0.39622641509434
0.636428571428571,"cosine",13,0.360824742268041
0.636428571428571,"cosine",14,0.332167832167832
0.636428571428571,"cosine",15,0.309222423146474
0.636428571428571,"cosine",16,0.291428571428571
0.636428571428571,"cosine",17,0.257575757575758
0.636428571428571,"cosine",18,0.247678018575851
0.636428571428571,"cosine",19,0.243055555555556
0.636428571428571,"cosine",20,0.217703349282297
0.636428571428571,"cosine",21,0.195
0.636428571428571,"cosine",22,0
0.636428571428571,"cosine",23,0
0.636428571428571,"cosine",24,0
0.636428571428571,"cosine",25,0
0.636428571428571,"cosine",26,0
0.636428571428571,"cosine",27,0.134615384615385
0.636428571428571,"cosine",28,0.138888888888889
0.636428571428571,"cosine",29,0.102040816326531
0.636428571428571,"cosine",30,0.137931034482759
0.636428571428571,"cosine",31,0.1
0.636428571428571,"cosine",32,0.0645161290322581
0.636428571428571,"cosine",33,NA
0.636428571428571,"jaccard",2,-1
0.636428571428571,"jaccard",3,-1
0.636428571428571,"jaccard",4,-1
0.636428571428571,"jaccard",5,-1
0.636428571428571,"jaccard",6,-1
0.636428571428571,"jaccard",7,-1
0.636428571428571,"jaccard",8,-1
0.636428571428571,"jaccard",9,0.742857142857143
0.636428571428571,"jaccard",10,0.239583333333333
0.636428571428571,"jaccard",11,0.2475
0.636428571428571,"jaccard",12,0.226076555023923
0.636428571428571,"jaccard",13,0.531400966183575
0.636428571428571,"jaccard",14,0.511538461538461
0.636428571428571,"jaccard",15,0.504201680672269
0.636428571428571,"jaccard",16,0.283333333333333
0.636428571428571,"jaccard",17,0.545454545454545
0.636428571428571,"jaccard",18,12.3529411764706
0.636428571428571,"jaccard",19,8.16666666666667
0.636428571428571,"jaccard",20,2.90789473684211
0.636428571428571,"jaccard",21,4.5
0.636428571428571,"jaccard",22,3.66666666666667
0.636428571428571,"jaccard",23,6.36363636363636
0.636428571428571,"jaccard",24,2.15217391304348
0.636428571428571,"jaccard",25,3.33333333333333
0.636428571428571,"jaccard",26,0.84
0.636428571428571,"jaccard",27,0.784615384615385
0.636428571428571,"jaccard",28,0.740740740740741
0.636428571428571,"jaccard",29,1.14285714285714
0.636428571428571,"jaccard",30,0.724137931034483
0.636428571428571,"jaccard",31,0.266666666666667
0.636428571428571,"jaccard",32,0.0161290322580645
0.636428571428571,"jaccard",33,NA
0.636428571428571,"hamman",2,0
0.636428571428571,"hamman",3,0
0.636428571428571,"hamman",4,0
0.636428571428571,"hamman",5,0
0.636428571428571,"hamman",6,0
0.636428571428571,"hamman",7,0
0.636428571428571,"hamman",8,0
0.636428571428571,"hamman",9,0
0.636428571428571,"hamman",10,0
0.636428571428571,"hamman",11,0
0.636428571428571,"hamman",12,0
0.636428571428571,"hamman",13,0.583333333333333
0.636428571428571,"hamman",14,0
0.636428571428571,"hamman",15,1.28571428571429
0.636428571428571,"hamman",16,0
0.636428571428571,"hamman",17,0
0.636428571428571,"hamman",18,0.573529411764706
0.636428571428571,"hamman",19,0.466666666666667
0.636428571428571,"hamman",20,0.376315789473684
0.636428571428571,"hamman",21,0.3
0.636428571428571,"hamman",22,0.942857142857143
0.636428571428571,"hamman",23,0
0.636428571428571,"hamman",24,1.23260869565217
0.636428571428571,"hamman",25,0.1
0.636428571428571,"hamman",26,0.28
0.636428571428571,"hamman",27,0
0.636428571428571,"hamman",28,0.0277777777777778
0.636428571428571,"hamman",29,0
0.636428571428571,"hamman",30,0
0.636428571428571,"hamman",31,0
0.636428571428571,"hamman",32,0
0.636428571428571,"hamman",33,NA
0.636428571428571,"simple matching",2,0
0.636428571428571,"simple matching",3,0
0.636428571428571,"simple matching",4,0
0.636428571428571,"simple matching",5,4.51111111111111
0.636428571428571,"simple matching",6,0.84
0.636428571428571,"simple matching",7,6.4601226993865
0.636428571428571,"simple matching",8,0.602968460111317
0.636428571428571,"simple matching",9,2.14285714285714
0.636428571428571,"simple matching",10,0
0.636428571428571,"simple matching",11,0.421666666666667
0.636428571428571,"simple matching",12,0
0.636428571428571,"simple matching",13,0
0.636428571428571,"simple matching",14,0
0.636428571428571,"simple matching",15,1.06211180124224
0.636428571428571,"simple matching",16,0
0.636428571428571,"simple matching",17,0.209876543209877
0.636428571428571,"simple matching",18,0
0.636428571428571,"simple matching",19,0.182291666666667
0.636428571428571,"simple matching",20,0
0.636428571428571,"simple matching",21,0
0.636428571428571,"simple matching",22,0
0.636428571428571,"simple matching",23,0
0.636428571428571,"simple matching",24,0
0.636428571428571,"simple matching",25,0.12
0.636428571428571,"simple matching",26,0
0.636428571428571,"simple matching",27,0
0.636428571428571,"simple matching",28,0
0.636428571428571,"simple matching",29,0
0.636428571428571,"simple matching",30,0
0.636428571428571,"simple matching",31,0.1
0.636428571428571,"simple matching",32,0
0.636428571428571,"simple matching",33,NA
0.636428571428571,"faith",2,-1
0.636428571428571,"faith",3,-1
0.636428571428571,"faith",4,-1
0.636428571428571,"faith",5,-1
0.636428571428571,"faith",6,-1
0.636428571428571,"faith",7,-1
0.636428571428571,"faith",8,-1
0.636428571428571,"faith",9,-1
0.636428571428571,"faith",10,-1
0.636428571428571,"faith",11,-1
0.636428571428571,"faith",12,-1
0.636428571428571,"faith",13,-1
0.636428571428571,"faith",14,-1
0.636428571428571,"faith",15,-1
0.636428571428571,"faith",16,-1
0.636428571428571,"faith",17,-1
0.636428571428571,"faith",18,-1
0.636428571428571,"faith",19,1.80645161290323
0.636428571428571,"faith",20,18.4736842105263
0.636428571428571,"faith",21,11.4
0.636428571428571,"faith",22,8.38095238095238
0.636428571428571,"faith",23,10.6818181818182
0.636428571428571,"faith",24,5.8695652173913
0.636428571428571,"faith",25,5.5
0.636428571428571,"faith",26,3.08
0.636428571428571,"faith",27,3.61538461538462
0.636428571428571,"faith",28,1.89814814814815
0.636428571428571,"faith",29,1.85714285714286
0.636428571428571,"faith",30,0.724137931034483
0.636428571428571,"faith",31,0.266666666666667
0.636428571428571,"faith",32,0.0161290322580645
0.636428571428571,"faith",33,NA
0.707142857142857,"cosine",2,-1
0.707142857142857,"cosine",3,-1
0.707142857142857,"cosine",4,-1
0.707142857142857,"cosine",5,-1
0.707142857142857,"cosine",6,-1
0.707142857142857,"cosine",7,-1
0.707142857142857,"cosine",8,0.62320230105465
0.707142857142857,"cosine",9,0.535714285714286
0.707142857142857,"cosine",10,0.468193384223919
0.707142857142857,"cosine",11,0.414754098360656
0.707142857142857,"cosine",12,0.371681415929204
0.707142857142857,"cosine",13,0.336538461538462
0.707142857142857,"cosine",14,0.307692307692308
0.707142857142857,"cosine",15,0.284053156146179
0.707142857142857,"cosine",16,0.291428571428571
0.707142857142857,"cosine",17,0.246376811594203
0.707142857142857,"cosine",18,0.207612456747405
0.707142857142857,"cosine",19,0.174129353233831
0.707142857142857,"cosine",20,0.152046783625731
0.707142857142857,"cosine",21,0.132203389830508
0.707142857142857,"cosine",22,0.114285714285714
0.707142857142857,"cosine",23,0.0980392156862745
0.707142857142857,"cosine",24,0.0832562442183164
0.707142857142857,"cosine",25,0.0697674418604651
0.707142857142857,"cosine",26,0.0574358974358974
0.707142857142857,"cosine",27,0.307692307692308
0.707142857142857,"cosine",28,0.0529100529100529
0.707142857142857,"cosine",29,0.494505494505495
0.707142857142857,"cosine",30,0.0344827586206897
0.707142857142857,"cosine",31,0.6
0.707142857142857,"cosine",32,0.032258064516129
0.707142857142857,"cosine",33,NA
0.707142857142857,"jaccard",2,-1
0.707142857142857,"jaccard",3,-1
0.707142857142857,"jaccard",4,-1
0.707142857142857,"jaccard",5,-1
0.707142857142857,"jaccard",6,-1
0.707142857142857,"jaccard",7,-1
0.707142857142857,"jaccard",8,-1
0.707142857142857,"jaccard",9,-1
0.707142857142857,"jaccard",10,-1
0.707142857142857,"jaccard",11,-1
0.707142857142857,"jaccard",12,-1
0.707142857142857,"jaccard",13,-1
0.707142857142857,"jaccard",14,-1
0.707142857142857,"jaccard",15,-1
0.707142857142857,"jaccard",16,-1
0.707142857142857,"jaccard",17,-1
0.707142857142857,"jaccard",18,-1
0.707142857142857,"jaccard",19,1.80645161290323
0.707142857142857,"jaccard",20,0.342105263157895
0.707142857142857,"jaccard",21,2.25
0.707142857142857,"jaccard",22,3.92857142857143
0.707142857142857,"jaccard",23,1.47727272727273
0.707142857142857,"jaccard",24,0.358695652173913
0.707142857142857,"jaccard",25,3.77777777777778
0.707142857142857,"jaccard",26,1.26
0.707142857142857,"jaccard",27,0.0673076923076923
0.707142857142857,"jaccard",28,0.0555555555555556
0.707142857142857,"jaccard",29,0.21978021978022
0.707142857142857,"jaccard",30,0.0344827586206897
0.707142857142857,"jaccard",31,0.266666666666667
0.707142857142857,"jaccard",32,0.0161290322580645
0.707142857142857,"jaccard",33,NA
0.707142857142857,"hamman",2,-1
0.707142857142857,"hamman",3,-1
0.707142857142857,"hamman",4,-1
0.707142857142857,"hamman",5,-1
0.707142857142857,"hamman",6,-1
0.707142857142857,"hamman",7,-1
0.707142857142857,"hamman",8,-1
0.707142857142857,"hamman",9,-1
0.707142857142857,"hamman",10,-1
0.707142857142857,"hamman",11,-1
0.707142857142857,"hamman",12,-1
0.707142857142857,"hamman",13,-1
0.707142857142857,"hamman",14,-1
0.707142857142857,"hamman",15,-1
0.707142857142857,"hamman",16,-1
0.707142857142857,"hamman",17,-1
0.707142857142857,"hamman",18,-1
0.707142857142857,"hamman",19,-1
0.707142857142857,"hamman",20,-1
0.707142857142857,"hamman",21,-1
0.707142857142857,"hamman",22,-1
0.707142857142857,"hamman",23,-1
0.707142857142857,"hamman",24,-1
0.707142857142857,"hamman",25,-1
0.707142857142857,"hamman",26,-1
0.707142857142857,"hamman",27,-1
0.707142857142857,"hamman",28,-1
0.707142857142857,"hamman",29,-1
0.707142857142857,"hamman",30,-1
0.707142857142857,"hamman",31,-1
0.707142857142857,"hamman",32,-1
0.707142857142857,"hamman",33,NA
0.707142857142857,"simple matching",2,0
0.707142857142857,"simple matching",3,0
0.707142857142857,"simple matching",4,1.35812672176309
0.707142857142857,"simple matching",5,479.5
0.707142857142857,"simple matching",6,43.2
0.707142857142857,"simple matching",7,117
0.707142857142857,"simple matching",8,96.4285714285714
0.707142857142857,"simple matching",9,3
0.707142857142857,"simple matching",10,0
0.707142857142857,"simple matching",11,0
0.707142857142857,"simple matching",12,0
0.707142857142857,"simple matching",13,0.365853658536585
0.707142857142857,"simple matching",14,0
0.707142857142857,"simple matching",15,6
0.707142857142857,"simple matching",16,1.36
0.707142857142857,"simple matching",17,3.46153846153846
0.707142857142857,"simple matching",18,7.94117647058824
0.707142857142857,"simple matching",19,7
0.707142857142857,"simple matching",20,0.684210526315789
0.707142857142857,"simple matching",21,0
0.707142857142857,"simple matching",22,0
0.707142857142857,"simple matching",23,0.865384615384615
0.707142857142857,"simple matching",24,0.0815217391304348
0.707142857142857,"simple matching",25,0.292682926829268
0.707142857142857,"simple matching",26,0.08
0.707142857142857,"simple matching",27,0.280936454849498
0.707142857142857,"simple matching",28,0.317460317460317
0.707142857142857,"simple matching",29,0.21978021978022
0.707142857142857,"simple matching",30,0
0.707142857142857,"simple matching",31,0
0.707142857142857,"simple matching",32,0
0.707142857142857,"simple matching",33,NA
0.707142857142857,"faith",2,-1
0.707142857142857,"faith",3,-1
0.707142857142857,"faith",4,-1
0.707142857142857,"faith",5,-1
0.707142857142857,"faith",6,-1
0.707142857142857,"faith",7,-1
0.707142857142857,"faith",8,-1
0.707142857142857,"faith",9,-1
0.707142857142857,"faith",10,-1
0.707142857142857,"faith",11,-1
0.707142857142857,"faith",12,-1
0.707142857142857,"faith",13,-1
0.707142857142857,"faith",14,-1
0.707142857142857,"faith",15,-1
0.707142857142857,"faith",16,-1
0.707142857142857,"faith",17,-1
0.707142857142857,"faith",18,-1
0.707142857142857,"faith",19,-1
0.707142857142857,"faith",20,-1
0.707142857142857,"faith",21,-1
0.707142857142857,"faith",22,-1
0.707142857142857,"faith",23,-1
0.707142857142857,"faith",24,-1
0.707142857142857,"faith",25,-1
0.707142857142857,"faith",26,-1
0.707142857142857,"faith",27,-1
0.707142857142857,"faith",28,-1
0.707142857142857,"faith",29,-1
0.707142857142857,"faith",30,-1
0.707142857142857,"faith",31,-1
0.707142857142857,"faith",32,-1
0.707142857142857,"faith",33,NA
0.777857142857143,"cosine",2,-1
0.777857142857143,"cosine",3,-1
0.777857142857143,"cosine",4,-1
0.777857142857143,"cosine",5,-1
0.777857142857143,"cosine",6,-1
0.777857142857143,"cosine",7,-1
0.777857142857143,"cosine",8,-1
0.777857142857143,"cosine",9,0.742857142857143
0.777857142857143,"cosine",10,0.239583333333333
0.777857142857143,"cosine",11,0.2475
0.777857142857143,"cosine",12,0.226076555023923
0.777857142857143,"cosine",13,0.531400966183575
0.777857142857143,"cosine",14,0.444816053511706
0.777857142857143,"cosine",15,0.428571428571429
0.777857142857143,"cosine",16,0.422222222222222
0.777857142857143,"cosine",17,0.222222222222222
0.777857142857143,"cosine",18,0.454545454545455
0.777857142857143,"cosine",19,10.6296296296296
0.777857142857143,"cosine",20,5.47368421052632
0.777857142857143,"cosine",21,1.4
0.777857142857143,"cosine",22,1.36190476190476
0.777857142857143,"cosine",23,1.36363636363636
0.777857142857143,"cosine",24,2.34782608695652
0.777857142857143,"cosine",25,1.66666666666667
0.777857142857143,"cosine",26,0.08
0.777857142857143,"cosine",27,0.0673076923076923
0.777857142857143,"cosine",28,0.0555555555555556
0.777857142857143,"cosine",29,0.21978021978022
0.777857142857143,"cosine",30,0.0344827586206897
0.777857142857143,"cosine",31,0.266666666666667
0.777857142857143,"cosine",32,0.0161290322580645
0.777857142857143,"cosine",33,NA
0.777857142857143,"jaccard",2,-1
0.777857142857143,"jaccard",3,-1
0.777857142857143,"jaccard",4,-1
0.777857142857143,"jaccard",5,-1
0.777857142857143,"jaccard",6,-1
0.777857142857143,"jaccard",7,-1
0.777857142857143,"jaccard",8,-1
0.777857142857143,"jaccard",9,-1
0.777857142857143,"jaccard",10,-1
0.777857142857143,"jaccard",11,-1
0.777857142857143,"jaccard",12,-1
0.777857142857143,"jaccard",13,-1
0.777857142857143,"jaccard",14,-1
0.777857142857143,"jaccard",15,-1
0.777857142857143,"jaccard",16,-1
0.777857142857143,"jaccard",17,-1
0.777857142857143,"jaccard",18,-1
0.777857142857143,"jaccard",19,-1
0.777857142857143,"jaccard",20,-1
0.777857142857143,"jaccard",21,-1
0.777857142857143,"jaccard",22,-1
0.777857142857143,"jaccard",23,-1
0.777857142857143,"jaccard",24,-1
0.777857142857143,"jaccard",25,-1
0.777857142857143,"jaccard",26,-1
0.777857142857143,"jaccard",27,-1
0.777857142857143,"jaccard",28,-1
0.777857142857143,"jaccard",29,-1
0.777857142857143,"jaccard",30,-1
0.777857142857143,"jaccard",31,-1
0.777857142857143,"jaccard",32,-1
0.777857142857143,"jaccard",33,NA
0.777857142857143,"hamman",2,-1
0.777857142857143,"hamman",3,-1
0.777857142857143,"hamman",4,-1
0.777857142857143,"hamman",5,-1
0.777857142857143,"hamman",6,-1
0.777857142857143,"hamman",7,-1
0.777857142857143,"hamman",8,-1
0.777857142857143,"hamman",9,-1
0.777857142857143,"hamman",10,-1
0.777857142857143,"hamman",11,-1
0.777857142857143,"hamman",12,-1
0.777857142857143,"hamman",13,-1
0.777857142857143,"hamman",14,-1
0.777857142857143,"hamman",15,-1
0.777857142857143,"hamman",16,-1
0.777857142857143,"hamman",17,-1
0.777857142857143,"hamman",18,-1
0.777857142857143,"hamman",19,-1
0.777857142857143,"hamman",20,-1
0.777857142857143,"hamman",21,-1
0.777857142857143,"hamman",22,-1
0.777857142857143,"hamman",23,-1
0.777857142857143,"hamman",24,-1
0.777857142857143,"hamman",25,-1
0.777857142857143,"hamman",26,-1
0.777857142857143,"hamman",27,-1
0.777857142857143,"hamman",28,-1
0.777857142857143,"hamman",29,-1
0.777857142857143,"hamman",30,-1
0.777857142857143,"hamman",31,-1
0.777857142857143,"hamman",32,-1
0.777857142857143,"hamman",33,NA
0.777857142857143,"simple matching",2,0
0.777857142857143,"simple matching",3,0
0.777857142857143,"simple matching",4,1.35812672176309
0.777857142857143,"simple matching",5,479.5
0.777857142857143,"simple matching",6,7.67368421052632
0.777857142857143,"simple matching",7,0.705426356589147
0.777857142857143,"simple matching",8,2.57936507936508
0.777857142857143,"simple matching",9,0
0.777857142857143,"simple matching",10,0
0.777857142857143,"simple matching",11,0
0.777857142857143,"simple matching",12,0.419068736141907
0.777857142857143,"simple matching",13,0
0.777857142857143,"simple matching",14,6.82051282051282
0.777857142857143,"simple matching",15,1.54285714285714
0.777857142857143,"simple matching",16,3.92307692307692
0.777857142857143,"simple matching",17,9
0.777857142857143,"simple matching",18,7.94117647058824
0.777857142857143,"simple matching",19,0.777777777777778
0.777857142857143,"simple matching",20,0
0.777857142857143,"simple matching",21,0
0.777857142857143,"simple matching",22,0
0.777857142857143,"simple matching",23,0.865384615384615
0.777857142857143,"simple matching",24,0.0815217391304348
0.777857142857143,"simple matching",25,0.292682926829268
0.777857142857143,"simple matching",26,0.08
0.777857142857143,"simple matching",27,0.280936454849498
0.777857142857143,"simple matching",28,0.317460317460317
0.777857142857143,"simple matching",29,0.21978021978022
0.777857142857143,"simple matching",30,0
0.777857142857143,"simple matching",31,0
0.777857142857143,"simple matching",32,0
0.777857142857143,"simple matching",33,NA
0.777857142857143,"faith",2,-1
0.777857142857143,"faith",3,-1
0.777857142857143,"faith",4,-1
0.777857142857143,"faith",5,-1
0.777857142857143,"faith",6,-1
0.777857142857143,"faith",7,-1
0.777857142857143,"faith",8,-1
0.777857142857143,"faith",9,-1
0.777857142857143,"faith",10,-1
0.777857142857143,"faith",11,-1
0.777857142857143,"faith",12,-1
0.777857142857143,"faith",13,-1
0.777857142857143,"faith",14,-1
0.777857142857143,"faith",15,-1
0.777857142857143,"faith",16,-1
0.777857142857143,"faith",17,-1
0.777857142857143,"faith",18,-1
0.777857142857143,"faith",19,-1
0.777857142857143,"faith",20,-1
0.777857142857143,"faith",21,-1
0.777857142857143,"faith",22,-1
0.777857142857143,"faith",23,-1
0.777857142857143,"faith",24,-1
0.777857142857143,"faith",25,-1
0.777857142857143,"faith",26,-1
0.777857142857143,"faith",27,-1
0.777857142857143,"faith",28,-1
0.777857142857143,"faith",29,-1
0.777857142857143,"faith",30,-1
0.777857142857143,"faith",31,-1
0.777857142857143,"faith",32,-1
0.777857142857143,"faith",33,NA
0.848571428571429,"cosine",2,-1
0.848571428571429,"cosine",3,-1
0.848571428571429,"cosine",4,-1
0.848571428571429,"cosine",5,-1
0.848571428571429,"cosine",6,-1
0.848571428571429,"cosine",7,-1
0.848571428571429,"cosine",8,-1
0.848571428571429,"cosine",9,-1
0.848571428571429,"cosine",10,-1
0.848571428571429,"cosine",11,-1
0.848571428571429,"cosine",12,-1
0.848571428571429,"cosine",13,-1
0.848571428571429,"cosine",14,-1
0.848571428571429,"cosine",15,-1
0.848571428571429,"cosine",16,-1
0.848571428571429,"cosine",17,-1
0.848571428571429,"cosine",18,-1
0.848571428571429,"cosine",19,1.80645161290323
0.848571428571429,"cosine",20,1.56706281833616
0.848571428571429,"cosine",21,0.28
0.848571428571429,"cosine",22,3.66666666666667
0.848571428571429,"cosine",23,0.454545454545455
0.848571428571429,"cosine",24,4.56521739130435
0.848571428571429,"cosine",25,1.66666666666667
0.848571428571429,"cosine",26,0.08
0.848571428571429,"cosine",27,0.0673076923076923
0.848571428571429,"cosine",28,0.0555555555555556
0.848571428571429,"cosine",29,0.21978021978022
0.848571428571429,"cosine",30,0.0344827586206897
0.848571428571429,"cosine",31,0.266666666666667
0.848571428571429,"cosine",32,0.0161290322580645
0.848571428571429,"cosine",33,NA
0.848571428571429,"jaccard",2,-1
0.848571428571429,"jaccard",3,-1
0.848571428571429,"jaccard",4,-1
0.848571428571429,"jaccard",5,-1
0.848571428571429,"jaccard",6,-1
0.848571428571429,"jaccard",7,-1
0.848571428571429,"jaccard",8,-1
0.848571428571429,"jaccard",9,-1
0.848571428571429,"jaccard",10,-1
0.848571428571429,"jaccard",11,-1
0.848571428571429,"jaccard",12,-1
0.848571428571429,"jaccard",13,-1
0.848571428571429,"jaccard",14,-1
0.848571428571429,"jaccard",15,-1
0.848571428571429,"jaccard",16,-1
0.848571428571429,"jaccard",17,-1
0.848571428571429,"jaccard",18,-1
0.848571428571429,"jaccard",19,-1
0.848571428571429,"jaccard",20,-1
0.848571428571429,"jaccard",21,-1
0.848571428571429,"jaccard",22,-1
0.848571428571429,"jaccard",23,-1
0.848571428571429,"jaccard",24,-1
0.848571428571429,"jaccard",25,-1
0.848571428571429,"jaccard",26,-1
0.848571428571429,"jaccard",27,-1
0.848571428571429,"jaccard",28,-1
0.848571428571429,"jaccard",29,-1
0.848571428571429,"jaccard",30,-1
0.848571428571429,"jaccard",31,-1
0.848571428571429,"jaccard",32,-1
0.848571428571429,"jaccard",33,NA
0.848571428571429,"hamman",2,-1
0.848571428571429,"hamman",3,-1
0.848571428571429,"hamman",4,-1
0.848571428571429,"hamman",5,-1
0.848571428571429,"hamman",6,-1
0.848571428571429,"hamman",7,-1
0.848571428571429,"hamman",8,-1
0.848571428571429,"hamman",9,-1
0.848571428571429,"hamman",10,-1
0.848571428571429,"hamman",11,-1
0.848571428571429,"hamman",12,-1
0.848571428571429,"hamman",13,-1
0.848571428571429,"hamman",14,-1
0.848571428571429,"hamman",15,-1
0.848571428571429,"hamman",16,-1
0.848571428571429,"hamman",17,-1
0.848571428571429,"hamman",18,-1
0.848571428571429,"hamman",19,-1
0.848571428571429,"hamman",20,-1
0.848571428571429,"hamman",21,-1
0.848571428571429,"hamman",22,-1
0.848571428571429,"hamman",23,-1
0.848571428571429,"hamman",24,-1
0.848571428571429,"hamman",25,-1
0.848571428571429,"hamman",26,-1
0.848571428571429,"hamman",27,-1
0.848571428571429,"hamman",28,-1
0.848571428571429,"hamman",29,-1
0.848571428571429,"hamman",30,-1
0.848571428571429,"hamman",31,-1
0.848571428571429,"hamman",32,-1
0.848571428571429,"hamman",33,NA
0.848571428571429,"simple matching",2,-1
0.848571428571429,"simple matching",3,-1
0.848571428571429,"simple matching",4,-1
0.848571428571429,"simple matching",5,-1
0.848571428571429,"simple matching",6,-1
0.848571428571429,"simple matching",7,-1
0.848571428571429,"simple matching",8,-1
0.848571428571429,"simple matching",9,-1
0.848571428571429,"simple matching",10,-1
0.848571428571429,"simple matching",11,-1
0.848571428571429,"simple matching",12,-1
0.848571428571429,"simple matching",13,-1
0.848571428571429,"simple matching",14,-1
0.848571428571429,"simple matching",15,-1
0.848571428571429,"simple matching",16,-1
0.848571428571429,"simple matching",17,-1
0.848571428571429,"simple matching",18,-1
0.848571428571429,"simple matching",19,-1
0.848571428571429,"simple matching",20,-1
0.848571428571429,"simple matching",21,-1
0.848571428571429,"simple matching",22,-1
0.848571428571429,"simple matching",23,-1
0.848571428571429,"simple matching",24,-1
0.848571428571429,"simple matching",25,-1
0.848571428571429,"simple matching",26,-1
0.848571428571429,"simple matching",27,-1
0.848571428571429,"simple matching",28,-1
0.848571428571429,"simple matching",29,-1
0.848571428571429,"simple matching",30,-1
0.848571428571429,"simple matching",31,-1
0.848571428571429,"simple matching",32,-1
0.848571428571429,"simple matching",33,NA
0.848571428571429,"faith",2,-1
0.848571428571429,"faith",3,-1
0.848571428571429,"faith",4,-1
0.848571428571429,"faith",5,-1
0.848571428571429,"faith",6,-1
0.848571428571429,"faith",7,-1
0.848571428571429,"faith",8,-1
0.848571428571429,"faith",9,-1
0.848571428571429,"faith",10,-1
0.848571428571429,"faith",11,-1
0.848571428571429,"faith",12,-1
0.848571428571429,"faith",13,-1
0.848571428571429,"faith",14,-1
0.848571428571429,"faith",15,-1
0.848571428571429,"faith",16,-1
0.848571428571429,"faith",17,-1
0.848571428571429,"faith",18,-1
0.848571428571429,"faith",19,-1
0.848571428571429,"faith",20,-1
0.848571428571429,"faith",21,-1
0.848571428571429,"faith",22,-1
0.848571428571429,"faith",23,-1
0.848571428571429,"faith",24,-1
0.848571428571429,"faith",25,-1
0.848571428571429,"faith",26,-1
0.848571428571429,"faith",27,-1
0.848571428571429,"faith",28,-1
0.848571428571429,"faith",29,-1
0.848571428571429,"faith",30,-1
0.848571428571429,"faith",31,-1
0.848571428571429,"faith",32,-1
0.848571428571429,"faith",33,NA
0.919285714285714,"cosine",2,-1
0.919285714285714,"cosine",3,-1
0.919285714285714,"cosine",4,-1
0.919285714285714,"cosine",5,-1
0.919285714285714,"cosine",6,-1
0.919285714285714,"cosine",7,-1
0.919285714285714,"cosine",8,-1
0.919285714285714,"cosine",9,-1
0.919285714285714,"cosine",10,-1
0.919285714285714,"cosine",11,-1
0.919285714285714,"cosine",12,-1
0.919285714285714,"cosine",13,-1
0.919285714285714,"cosine",14,-1
0.919285714285714,"cosine",15,-1
0.919285714285714,"cosine",16,-1
0.919285714285714,"cosine",17,-1
0.919285714285714,"cosine",18,-1
0.919285714285714,"cosine",19,-1
0.919285714285714,"cosine",20,-1
0.919285714285714,"cosine",21,-1
0.919285714285714,"cosine",22,-1
0.919285714285714,"cosine",23,-1
0.919285714285714,"cosine",24,-1
0.919285714285714,"cosine",25,-1
0.919285714285714,"cosine",26,-1
0.919285714285714,"cosine",27,-1
0.919285714285714,"cosine",28,-1
0.919285714285714,"cosine",29,-1
0.919285714285714,"cosine",30,-1
0.919285714285714,"cosine",31,-1
0.919285714285714,"cosine",32,-1
0.919285714285714,"cosine",33,NA
0.919285714285714,"jaccard",2,-1
0.919285714285714,"jaccard",3,-1
0.919285714285714,"jaccard",4,-1
0.919285714285714,"jaccard",5,-1
0.919285714285714,"jaccard",6,-1
0.919285714285714,"jaccard",7,-1
0.919285714285714,"jaccard",8,-1
0.919285714285714,"jaccard",9,-1
0.919285714285714,"jaccard",10,-1
0.919285714285714,"jaccard",11,-1
0.919285714285714,"jaccard",12,-1
0.919285714285714,"jaccard",13,-1
0.919285714285714,"jaccard",14,-1
0.919285714285714,"jaccard",15,-1
0.919285714285714,"jaccard",16,-1
0.919285714285714,"jaccard",17,-1
0.919285714285714,"jaccard",18,-1
0.919285714285714,"jaccard",19,-1
0.919285714285714,"jaccard",20,-1
0.919285714285714,"jaccard",21,-1
0.919285714285714,"jaccard",22,-1
0.919285714285714,"jaccard",23,-1
0.919285714285714,"jaccard",24,-1
0.919285714285714,"jaccard",25,-1
0.919285714285714,"jaccard",26,-1
0.919285714285714,"jaccard",27,-1
0.919285714285714,"jaccard",28,-1
0.919285714285714,"jaccard",29,-1
0.919285714285714,"jaccard",30,-1
0.919285714285714,"jaccard",31,-1
0.919285714285714,"jaccard",32,-1
0.919285714285714,"jaccard",33,NA
0.919285714285714,"hamman",2,-1
0.919285714285714,"hamman",3,-1
0.919285714285714,"hamman",4,-1
0.919285714285714,"hamman",5,-1
0.919285714285714,"hamman",6,-1
0.919285714285714,"hamman",7,-1
0.919285714285714,"hamman",8,-1
0.919285714285714,"hamman",9,-1
0.919285714285714,"hamman",10,-1
0.919285714285714,"hamman",11,-1
0.919285714285714,"hamman",12,-1
0.919285714285714,"hamman",13,-1
0.919285714285714,"hamman",14,-1
0.919285714285714,"hamman",15,-1
0.919285714285714,"hamman",16,-1
0.919285714285714,"hamman",17,-1
0.919285714285714,"hamman",18,-1
0.919285714285714,"hamman",19,-1
0.919285714285714,"hamman",20,-1
0.919285714285714,"hamman",21,-1
0.919285714285714,"hamman",22,-1
0.919285714285714,"hamman",23,-1
0.919285714285714,"hamman",24,-1
0.919285714285714,"hamman",25,-1
0.919285714285714,"hamman",26,-1
0.919285714285714,"hamman",27,-1
0.919285714285714,"hamman",28,-1
0.919285714285714,"hamman",29,-1
0.919285714285714,"hamman",30,-1
0.919285714285714,"hamman",31,-1
0.919285714285714,"hamman",32,-1
0.919285714285714,"hamman",33,NA
0.919285714285714,"simple matching",2,-1
0.919285714285714,"simple matching",3,-1
0.919285714285714,"simple matching",4,-1
0.919285714285714,"simple matching",5,-1
0.919285714285714,"simple matching",6,-1
0.919285714285714,"simple matching",7,-1
0.919285714285714,"simple matching",8,-1
0.919285714285714,"simple matching",9,-1
0.919285714285714,"simple matching",10,-1
0.919285714285714,"simple matching",11,-1
0.919285714285714,"simple matching",12,-1
0.919285714285714,"simple matching",13,-1
0.919285714285714,"simple matching",14,-1
0.919285714285714,"simple matching",15,-1
0.919285714285714,"simple matching",16,-1
0.919285714285714,"simple matching",17,-1
0.919285714285714,"simple matching",18,-1
0.919285714285714,"simple matching",19,-1
0.919285714285714,"simple matching",20,-1
0.919285714285714,"simple matching",21,-1
0.919285714285714,"simple matching",22,-1
0.919285714285714,"simple matching",23,-1
0.919285714285714,"simple matching",24,-1
0.919285714285714,"simple matching",25,-1
0.919285714285714,"simple matching",26,-1
0.919285714285714,"simple matching",27,-1
0.919285714285714,"simple matching",28,-1
0.919285714285714,"simple matching",29,-1
0.919285714285714,"simple matching",30,-1
0.919285714285714,"simple matching",31,-1
0.919285714285714,"simple matching",32,-1
0.919285714285714,"simple matching",33,NA
0.919285714285714,"faith",2,-1
0.919285714285714,"faith",3,-1
0.919285714285714,"faith",4,-1
0.919285714285714,"faith",5,-1
0.919285714285714,"faith",6,-1
0.919285714285714,"faith",7,-1
0.919285714285714,"faith",8,-1
0.919285714285714,"faith",9,-1
0.919285714285714,"faith",10,-1
0.919285714285714,"faith",11,-1
0.919285714285714,"faith",12,-1
0.919285714285714,"faith",13,-1
0.919285714285714,"faith",14,-1
0.919285714285714,"faith",15,-1
0.919285714285714,"faith",16,-1
0.919285714285714,"faith",17,-1
0.919285714285714,"faith",18,-1
0.919285714285714,"faith",19,-1
0.919285714285714,"faith",20,-1
0.919285714285714,"faith",21,-1
0.919285714285714,"faith",22,-1
0.919285714285714,"faith",23,-1
0.919285714285714,"faith",24,-1
0.919285714285714,"faith",25,-1
0.919285714285714,"faith",26,-1
0.919285714285714,"faith",27,-1
0.919285714285714,"faith",28,-1
0.919285714285714,"faith",29,-1
0.919285714285714,"faith",30,-1
0.919285714285714,"faith",31,-1
0.919285714285714,"faith",32,-1
0.919285714285714,"faith",33,NA
0.99,"cosine",2,-1
0.99,"cosine",3,-1
0.99,"cosine",4,-1
0.99,"cosine",5,-1
0.99,"cosine",6,-1
0.99,"cosine",7,-1
0.99,"cosine",8,-1
0.99,"cosine",9,-1
0.99,"cosine",10,-1
0.99,"cosine",11,-1
0.99,"cosine",12,-1
0.99,"cosine",13,-1
0.99,"cosine",14,-1
0.99,"cosine",15,-1
0.99,"cosine",16,-1
0.99,"cosine",17,-1
0.99,"cosine",18,-1
0.99,"cosine",19,-1
0.99,"cosine",20,-1
0.99,"cosine",21,-1
0.99,"cosine",22,-1
0.99,"cosine",23,-1
0.99,"cosine",24,-1
0.99,"cosine",25,-1
0.99,"cosine",26,-1
0.99,"cosine",27,-1
0.99,"cosine",28,-1
0.99,"cosine",29,-1
0.99,"cosine",30,-1
0.99,"cosine",31,-1
0.99,"cosine",32,-1
0.99,"cosine",33,NA
0.99,"jaccard",2,-1
0.99,"jaccard",3,-1
0.99,"jaccard",4,-1
0.99,"jaccard",5,-1
0.99,"jaccard",6,-1
0.99,"jaccard",7,-1
0.99,"jaccard",8,-1
0.99,"jaccard",9,-1
0.99,"jaccard",10,-1
0.99,"jaccard",11,-1
0.99,"jaccard",12,-1
0.99,"jaccard",13,-1
0.99,"jaccard",14,-1
0.99,"jaccard",15,-1
0.99,"jaccard",16,-1
0.99,"jaccard",17,-1
0.99,"jaccard",18,-1
0.99,"jaccard",19,-1
0.99,"jaccard",20,-1
0.99,"jaccard",21,-1
0.99,"jaccard",22,-1
0.99,"jaccard",23,-1
0.99,"jaccard",24,-1
0.99,"jaccard",25,-1
0.99,"jaccard",26,-1
0.99,"jaccard",27,-1
0.99,"jaccard",28,-1
0.99,"jaccard",29,-1
0.99,"jaccard",30,-1
0.99,"jaccard",31,-1
0.99,"jaccard",32,-1
0.99,"jaccard",33,NA
0.99,"hamman",2,-1
0.99,"hamman",3,-1
0.99,"hamman",4,-1
0.99,"hamman",5,-1
0.99,"hamman",6,-1
0.99,"hamman",7,-1
0.99,"hamman",8,-1
0.99,"hamman",9,-1
0.99,"hamman",10,-1
0.99,"hamman",11,-1
0.99,"hamman",12,-1
0.99,"hamman",13,-1
0.99,"hamman",14,-1
0.99,"hamman",15,-1
0.99,"hamman",16,-1
0.99,"hamman",17,-1
0.99,"hamman",18,-1
0.99,"hamman",19,-1
0.99,"hamman",20,-1
0.99,"hamman",21,-1
0.99,"hamman",22,-1
0.99,"hamman",23,-1
0.99,"hamman",24,-1
0.99,"hamman",25,-1
0.99,"hamman",26,-1
0.99,"hamman",27,-1
0.99,"hamman",28,-1
0.99,"hamman",29,-1
0.99,"hamman",30,-1
0.99,"hamman",31,-1
0.99,"hamman",32,-1
0.99,"hamman",33,NA
0.99,"simple matching",2,-1
0.99,"simple matching",3,-1
0.99,"simple matching",4,-1
0.99,"simple matching",5,-1
0.99,"simple matching",6,-1
0.99,"simple matching",7,-1
0.99,"simple matching",8,-1
0.99,"simple matching",9,-1
0.99,"simple matching",10,-1
0.99,"simple matching",11,-1
0.99,"simple matching",12,-1
0.99,"simple matching",13,-1
0.99,"simple matching",14,-1
0.99,"simple matching",15,-1
0.99,"simple matching",16,-1
0.99,"simple matching",17,-1
0.99,"simple matching",18,-1
0.99,"simple matching",19,-1
0.99,"simple matching",20,-1
0.99,"simple matching",21,-1
0.99,"simple matching",22,-1
0.99,"simple matching",23,-1
0.99,"simple matching",24,-1
0.99,"simple matching",25,-1
0.99,"simple matching",26,-1
0.99,"simple matching",27,-1
0.99,"simple matching",28,-1
0.99,"simple matching",29,-1
0.99,"simple matching",30,-1
0.99,"simple matching",31,-1
0.99,"simple matching",32,-1
0.99,"simple matching",33,NA
0.99,"faith",2,-1
0.99,"faith",3,-1
0.99,"faith",4,-1
0.99,"faith",5,-1
0.99,"faith",6,-1
0.99,"faith",7,-1
0.99,"faith",8,-1
0.99,"faith",9,-1
0.99,"faith",10,-1
0.99,"faith",11,-1
0.99,"faith",12,-1
0.99,"faith",13,-1
0.99,"faith",14,-1
0.99,"faith",15,-1
0.99,"faith",16,-1
0.99,"faith",17,-1
0.99,"faith",18,-1
0.99,"faith",19,-1
0.99,"faith",20,-1
0.99,"faith",21,-1
0.99,"faith",22,-1
0.99,"faith",23,-1
0.99,"faith",24,-1
0.99,"faith",25,-1
0.99,"faith",26,-1
0.99,"faith",27,-1
0.99,"faith",28,-1
0.99,"faith",29,-1
0.99,"faith",30,-1
0.99,"faith",31,-1
0.99,"faith",32,-1
0.99,"faith",33,NA
